İsim,League,Team,TM_Position,PD_Guncel,PD_Gercek,PD_Tahmin,Hata_EUR,Hata_Pct
Mujaid Sadick,Belcika_pro_league,krc_genk,Defender,8000000.0,8000000.0,8408307.10149621,408307.1014962103,5.103838768702628
Jonathan de Guzmán,Hollanda_eredivisie,sparta_rotterdam,Midfield,50000.0,50000.0,216019.32310231327,166019.32310231327,332.0386462046265
Miloš Pantović,Yunanistan_super_league,panathinaikos_fc,Attack,3000000.0,3000000.0,3052957.3468670715,52957.346867071465,1.765244895569049
João Neves,Fransa_ligue_1,paris_saintgermain,Midfield,110000000.0,110000000.0,95512563.54142159,14487436.458578408,13.170396780525826
Nicolò Fagioli,Italya_serie_a,fiorentina,Midfield,16000000.0,16000000.0,18028506.87084333,2028506.8708433285,12.678167942770804
Anrie Chase,Avusturya_bundesliga,red_bull_salzburg,Defender,2000000.0,2000000.0,3330953.0162729993,1330953.0162729993,66.54765081364997
Keke Topp,Almanya_bundesliga,sv_werder_bremen,Attack,3500000.0,3500000.0,10641477.881307386,7141477.881307386,204.04222518021103
Dominique Heintz,Almanya_bundesliga,1_fc_koln,Defender,700000.0,700000.0,817360.4332312068,117360.43323120684,16.765776175886693
Michał Skóraś,Belcika_pro_league,kaa_gent,Attack,4000000.0,4000000.0,1948635.9883809742,2051364.0116190258,51.28410029047564
Ignat Pushkutsa,Ukrayna_premier_league,nk_veres_rivne,Attack,50000.0,50000.0,182346.38439952722,132346.38439952722,264.6927687990544
Marinho,Brezilya_serie_a,vitoria,Attack,250000.0,250000.0,379745.6977506236,129745.69775062363,51.898279100249454
Oleksandr Petrusenko,Hirvatistan_hnl,nk_osijek,Midfield,750000.0,750000.0,657893.4149264056,92106.58507359435,12.28087800981258
João Mário,Italya_serie_a,bologna,Defender,8500000.0,8500000.0,9500440.160492867,1000440.1604928672,11.769884241092555
Nicolás Tagliafico,Fransa_ligue_1,olympique_lyonnais,Defender,5000000.0,5000000.0,5261806.933080245,261806.9330802448,5.236138661604897
Rémi Himbert,Fransa_ligue_1,olympique_lyonnais,Attack,10000000.0,10000000.0,6801412.785416726,3198587.214583274,31.98587214583274
Andreas Hountondji,Almanya_bundesliga,fc_st_pauli,Attack,5000000.0,5000000.0,4073164.3416322744,926835.6583677256,18.53671316735451
Samuel Marques,Isvicre_super_league,grasshopper_club_zurich,Midfield,500000.0,500000.0,545314.8274333756,45314.82743337564,9.062965486675129
Aaron Leya Iseka,Yunanistan_super_league,ofi_crete,Attack,350000.0,350000.0,542581.754180876,192581.75418087596,55.023358337393134
Erling Haaland,Ingiltere_premier_league,manchester_city,Attack,200000000.0,200000000.0,178675971.03045103,21324028.96954897,10.662014484774485
Vadym Stashkiv,Ukrayna_premier_league,obolon_kyiv,Goalkeeper,150000.0,150000.0,79487.94889967592,70512.05110032408,47.00803406688272
Konstantinos Mavropanos,Ingiltere_premier_league,west_ham_united,Defender,15000000.0,15000000.0,15560575.305590069,560575.3055900689,3.737168703933793
William Saliba,Ingiltere_premier_league,arsenal,Defender,90000000.0,90000000.0,99980389.33645955,9980389.336459547,11.089321484955054
Aleksa Terzić,Avusturya_bundesliga,red_bull_salzburg,Defender,3000000.0,3000000.0,3033156.785742,33156.78574200021,1.105226191400007
Przemysław Frankowski,Fransa_ligue_1,stade_rennais,Defender,7000000.0,7000000.0,5785640.699006383,1214359.3009936167,17.347990014194526
Myron Boadu,Hollanda_eredivisie,psv_eindhoven,Attack,5000000.0,5000000.0,10807091.691459041,5807091.691459041,116.14183382918083
Jean-Philippe Mateta,Ingiltere_premier_league,crystal_palace,Attack,35000000.0,35000000.0,30090087.979549125,4909912.020450875,14.02832005843107
Godfried Frimpong,Turkiye_trendyol_super_lig,kasmpasa,Defender,2000000.0,2000000.0,1899431.0376219265,100568.96237807348,5.0284481189036745
Nelson Abbey,Portekiz_liga_portugal,rio_ave,Defender,1000000.0,1000000.0,890262.8575356535,109737.14246434649,10.973714246434648
Anton Stach,Ingiltere_premier_league,leeds_united,Midfield,25000000.0,25000000.0,11870898.585960422,13129101.414039578,52.51640565615831
Matty James,Ingiltere_championship,wrexham,0,200000.0,200000.0,1488302.266739672,1288302.266739672,644.151133369836
Benjamin Kololli,Isvicre_super_league,fc_sion,Midfield,100000.0,100000.0,427366.79835012596,327366.79835012596,327.366798350126
Fisayo Dele-Bashiru,Italya_serie_a,lazio,Midfield,6500000.0,6500000.0,6304176.68446017,195823.31553983036,3.012666392920467
Cláudio Winck,Turkiye_trendyol_super_lig,kasmpasa,Defender,800000.0,800000.0,851105.7295830672,51105.72958306724,6.388216197883405
Noahkai Banks,Almanya_bundesliga,fc_augsburg,Defender,22000000.0,22000000.0,9517576.534024946,12482423.465975054,56.73828848170479
Moncef Zekri,Belcika_pro_league,kv_mechelen,Defender,4000000.0,4000000.0,289759.40413098433,3710240.595869016,92.7560148967254
Mateo Ponte,Brezilya_serie_a,botafogo,Defender,2000000.0,2000000.0,2453508.0983464424,453508.09834644245,22.675404917322123
Alexander Hofleitner,Avusturya_bundesliga,grazer_ak_1902,Attack,400000.0,400000.0,766460.4772009968,366460.47720099683,91.6151193002492
Stephan El Shaarawy,Italya_serie_a,roma,Attack,2500000.0,2500000.0,2795419.7809335245,295419.7809335245,11.81679123734098
Thierry Lutonda,Belcika_pro_league,raal_la_louviere,Defender,600000.0,600000.0,610789.1327050298,10789.132705029799,1.798188784171633
Panagiotis Symelidis,Yunanistan_super_league,apo_levadiakos,Attack,150000.0,150000.0,-157790.8002382295,307790.8002382295,205.19386682548634
Sandro Lauper,Isvicre_super_league,bsc_young_boys,Midfield,800000.0,800000.0,772648.6078794218,27351.39212057821,3.4189240150722764
Aladji Bamba,Fransa_ligue_1,as_monaco,Midfield,10000000.0,10000000.0,6160757.531047947,3839242.468952053,38.39242468952053
Abdülkadir Ömür,Turkiye_trendyol_super_lig,antalyaspor,Midfield,2200000.0,2200000.0,2520478.581682946,320478.58168294607,14.56720825831573
Arthur Avom Ebong,Fransa_ligue_1,lorient,Midfield,15000000.0,15000000.0,10552413.634895697,4447586.365104303,29.65057576736202
Dereck Kutesa,Yunanistan_super_league,aek_athens,Attack,4000000.0,4000000.0,3876376.3014350343,123623.69856496574,3.0905924641241436
Abdelhamid Ait Boudlal,Fransa_ligue_1,stade_rennais,Defender,10000000.0,10000000.0,9107028.209267069,892971.7907329313,8.929717907329314
Elvir Duraković,Hirvatistan_hnl,hnk_gorica,Defender,200000.0,200000.0,291447.46141277574,91447.46141277574,45.72373070638787
Carlton Morris,Ingiltere_championship,derby_county,0,6000000.0,6000000.0,4139482.0766244573,1860517.9233755427,31.008632056259046
Lazar Balević,Sirbistan_superliga,fk_napredak_krusevac,Goalkeeper,1500000.0,1500000.0,537843.8358807506,962156.1641192494,64.14374427461664
Stefan Bastaja,Sirbistan_superliga,fk_imt_beograd,Defender,300000.0,300000.0,303045.74088472035,3045.740884720348,1.0152469615734492
Patrick Osterhage,Almanya_bundesliga,sc_freiburg,Midfield,12000000.0,12000000.0,11415332.441377448,584667.5586225521,4.872229655187934
Mahmoud Dahoud,Almanya_bundesliga,eintracht_frankfurt,Midfield,2000000.0,2000000.0,3095353.541150968,1095353.541150968,54.767677057548404
Alex Telles,Brezilya_serie_a,botafogo,Defender,3000000.0,3000000.0,4308718.121991947,1308718.1219919473,43.623937399731574
Tygo Land,Hollanda_eredivisie,fc_groningen,Midfield,1500000.0,1500000.0,2815084.0723580522,1315084.0723580522,87.67227149053682
Oliver Sørensen,Danimarka_superliga,fc_midtjylland,Midfield,7500000.0,7500000.0,7276403.356757742,223596.64324225765,2.9812885765634354
Semm Renders,Belcika_pro_league,royal_antwerp_fc,Defender,1200000.0,1200000.0,1217911.3778649687,17911.37786496873,1.4926148220807276
Fedde Leysen,Belcika_pro_league,royale_union_saintgilloise,Defender,5000000.0,5000000.0,5987897.857901306,987897.8579013059,19.75795715802612
Jamil Siebert,Italya_serie_a,lecce,Defender,4500000.0,4500000.0,5040798.410838942,540798.410838942,12.0177424630876
Felipe Jonatan,Brezilya_serie_a,coritiba,Defender,2000000.0,2000000.0,2085018.176439419,85018.17643941892,4.250908821970946
Juan Cuadrado,Italya_serie_a,pisa,Midfield,1000000.0,1000000.0,562168.7849805446,437831.2150194554,43.783121501945544
Nasser Djiga,Iskocya_premiership,rangers,Defender,6000000.0,6000000.0,11391297.234378008,5391297.234378008,89.85495390630014
Dominik Pech,Isvicre_super_league,bsc_young_boys,Midfield,2000000.0,2000000.0,1640256.6576913968,359743.3423086032,17.98716711543016
Rudi Allan Molotnikov,Iskocya_premiership,hibernian,Midfield,400000.0,400000.0,1182796.561897216,782796.5618972159,195.69914047430396
Olti Hyseni,Danimarka_superliga,snderjyske_fodbold,Attack,1500000.0,1500000.0,1116190.1739281786,383809.8260718214,25.587321738121428
Calvin Verdonk,Hollanda_eredivisie,nec_nijmegen,Defender,3000000.0,3000000.0,1997890.5543110278,1002109.4456889722,33.403648189632406
Mohamed Kanno,Suudi_arabistan_pro_league,alhilal,Midfield,900000.0,900000.0,924688.7108168975,24688.710816897452,2.7431900907663835
Mohammed Essa Harbush,Suudi_arabistan_pro_league,alshabab,Defender,200000.0,200000.0,196733.17927268357,3266.82072731643,1.6334103636582151
Cesare Casadei,Italya_serie_a,torino,Midfield,14000000.0,14000000.0,11236987.907440202,2763012.0925597977,19.73580066114141
Domagoj Vida,Yunanistan_super_league,aek_athens,Defender,600000.0,600000.0,827956.574765916,227956.57476591598,37.99276246098599
Andrés Gómez,Brezilya_serie_a,vasco_da_gama,Attack,8000000.0,8000000.0,5140758.471662795,2859241.528337205,35.74051910421506
Exequiel Palacios,Almanya_bundesliga,bayer_04_leverkusen,Midfield,30000000.0,30000000.0,40144374.504447505,10144374.504447505,33.81458168149168
Hussain Qasim,Suudi_arabistan_pro_league,alfateh,Defender,150000.0,150000.0,145977.0990916321,4022.900908367912,2.6819339389119414
Witi,Portekiz_liga_portugal,cd_nacional,Attack,500000.0,500000.0,274350.08495929535,225649.91504070465,45.12998300814093
Andreas Bouchalakis,Yunanistan_super_league,gfs_panetolikos,Midfield,350000.0,350000.0,362361.3754678377,12361.375467837672,3.5318215622393345
Ramy Bensebaini,Almanya_bundesliga,borussia_dortmund,Defender,7000000.0,7000000.0,4944530.145800856,2055469.854199144,29.36385505998777
Miloš Pantović,Sirbistan_superliga,fk_tsc_backa_topola,Attack,3000000.0,3000000.0,3280045.438514303,280045.43851430295,9.334847950476766
Antoine Mendy,Fransa_ligue_1,nice,Defender,6000000.0,6000000.0,4169438.309923877,1830561.690076123,30.509361501268717
David Strelec,Ingiltere_championship,middlesbrough,0,7500000.0,7500000.0,4648058.15406598,2851941.8459340204,38.02589127912027
Axel Tape,Almanya_bundesliga,bayer_04_leverkusen,Defender,8000000.0,8000000.0,11222799.913601868,3222799.913601868,40.28499892002335
Lukáš Červ,Cekya_first_league,fc_viktoria_plzen,0,6000000.0,6000000.0,2957389.149785444,3042610.850214556,50.71018083690927
Miloš Pantović,Yunanistan_super_league,panathinaikos_fc,Attack,3000000.0,3000000.0,3219606.6894205497,219606.68942054966,7.320222980684989
Matheus Martins,Brezilya_serie_a,botafogo,Attack,6000000.0,6000000.0,7399230.159143718,1399230.159143718,23.3205026523953
Nikola Krstović,Italya_serie_a,atalanta,Attack,25000000.0,25000000.0,14599134.663167108,10400865.336832892,41.60346134733157
Anastasios Donis,Yunanistan_super_league,aris_thessaloniki,Attack,600000.0,600000.0,345741.4038742859,254258.59612571407,42.376432687619015
Ivan Perišić,Hollanda_eredivisie,psv_eindhoven,Attack,1300000.0,1300000.0,1393734.499991609,93734.49999160902,7.210346153200693
Cláudio Braga,Iskocya_premiership,heart_of_midlothian,Attack,6000000.0,6000000.0,1934969.1897310987,4065030.8102689013,67.75051350448169
Aladji Bamba,Fransa_ligue_1,as_monaco,Midfield,10000000.0,10000000.0,3844508.7440090226,6155491.255990977,61.554912559909766
Victor Froholdt,Portekiz_liga_portugal,fc_porto,Midfield,30000000.0,30000000.0,22880924.45137798,7119075.54862202,23.730251828740066
Min-jae Kim,Almanya_bundesliga,fc_bayern_munchen,Defender,25000000.0,25000000.0,46457404.98875434,21457404.98875434,85.82961995501735
Lazar Stojanović,Sirbistan_superliga,fk_cukaricki,Defender,650000.0,650000.0,346360.9631900145,303639.0368099855,46.713697970767
Jorrel Hato,Ingiltere_premier_league,chelsea,Defender,35000000.0,35000000.0,47620508.15352185,12620508.15352185,36.05859472434815
Marc-Oliver Kempf,Italya_serie_a,como,Defender,3500000.0,3500000.0,2520122.647726244,979877.3522737562,27.996495779250175
Belmin Beganović,Avusturya_bundesliga,sk_sturm_graz,Attack,1000000.0,1000000.0,1329796.3983299441,329796.3983299441,32.97963983299441
Lyanco,Brezilya_serie_a,atletico_mineiro,Defender,5000000.0,5000000.0,5284000.065148792,284000.06514879223,5.680001302975845
João Neves,Fransa_ligue_1,paris_saintgermain,Midfield,110000000.0,110000000.0,95049829.66637067,14950170.333629325,13.591063939663023
Habib Anas Coulibaly,Avusturya_bundesliga,tsv_hartberg,Defender,250000.0,250000.0,23111.090192598065,226888.90980740194,90.75556392296077
Mohamed Kanno,Suudi_arabistan_pro_league,alhilal,Midfield,900000.0,900000.0,1190528.785907511,290528.7859075109,32.28097621194566
Marcus Thuram,Italya_serie_a,inter,Attack,50000000.0,50000000.0,58923557.53069842,8923557.530698419,17.84711506139684
Reo Hatate,Iskocya_premiership,celtic,Midfield,10000000.0,10000000.0,12644547.16664226,2644547.16664226,26.4454716664226
Aaron Wan-Bissaka,Ingiltere_premier_league,west_ham_united,Defender,22000000.0,22000000.0,16894972.00212338,5105027.997876622,23.20467271762101
Andrés Andrade,Avusturya_bundesliga,lask,Defender,2000000.0,2000000.0,3117596.493661927,1117596.493661927,55.87982468309636
Yusuf Akçiçek,Suudi_arabistan_pro_league,alhilal,Defender,15000000.0,15000000.0,17980690.47618223,2980690.47618223,19.871269841214865
Calvin Verdonk,Hollanda_eredivisie,nec_nijmegen,Defender,3000000.0,3000000.0,2930150.6872642897,69849.3127357103,2.3283104245236763
Juan Nardoni,Brezilya_serie_a,gremio,Midfield,10000000.0,10000000.0,10182476.72153489,182476.7215348892,1.8247672153488919
Mamadou Diakhon,Belcika_pro_league,club_brugge_kv,Attack,9000000.0,9000000.0,4173110.7278136476,4826889.272186352,53.632103024292796
Lukas Klostermann,Almanya_bundesliga,rb_leipzig,Defender,3500000.0,3500000.0,6720129.632901491,3220129.6329014907,92.00370379718544
Seko Fofana,Portekiz_liga_portugal,fc_porto,Midfield,8000000.0,8000000.0,6531245.496118719,1468754.5038812812,18.359431298516014
Kristoffer Ajer,Ingiltere_premier_league,brentford,Defender,18000000.0,18000000.0,16633233.074346956,1366766.9256530441,7.593149586961356
Samú Costa,Ispanya_laliga,mallorca,Midfield,15000000.0,15000000.0,15601363.125740051,601363.1257400513,4.0090875049336745
Kayode Saliman,Sirbistan_superliga,fk_javor_ivanjica,Attack,400000.0,400000.0,274562.3215812351,125437.6784187649,31.359419604691226
Pavel Šulc,Fransa_ligue_1,olympique_lyonnais,Midfield,20000000.0,20000000.0,11526659.67197946,8473340.32802054,42.3667016401027
Sven Mijnans,Hollanda_eredivisie,az_alkmaar,Midfield,14000000.0,14000000.0,11569014.150115473,2430985.849884527,17.364184642032335
Wilguens Paugain,Belcika_pro_league,sv_zulte_waregem,Defender,600000.0,600000.0,154688.51563356665,445311.48436643335,74.2185807277389
Callum Slattery,Iskocya_premiership,motherwell,Midfield,450000.0,450000.0,1531735.367359909,1081735.367359909,240.3856371910909
Abdulay Juma Bah,Fransa_ligue_1,nice,Defender,10000000.0,10000000.0,18465386.156711623,8465386.156711623,84.65386156711622
Ante Budimir,Ispanya_laliga,osasuna,Attack,3000000.0,3000000.0,5053107.830002571,2053107.8300025715,68.43692766675238
Lukáš Branecký,Cekya_first_league,fc_zlin,0,175000.0,175000.0,400730.14917687565,225730.14917687565,128.98865667250035
Francis Momoh,Ukrayna_premier_league,lnz_cherkasy,Attack,300000.0,300000.0,544376.5497790765,244376.54977907648,81.45884992635882
Lucas França,Portekiz_liga_portugal,cd_nacional,Goalkeeper,600000.0,600000.0,1333981.2754084193,733981.2754084193,122.33021256806988
Moisés,Brezilya_serie_a,santos,Attack,2000000.0,2000000.0,2622715.239185338,622715.2391853379,31.135761959266894
Rodri,Ingiltere_premier_league,manchester_city,Midfield,65000000.0,65000000.0,88084309.05425628,23084309.054256275,35.51432162193273
Aaron Meijers,Hollanda_eredivisie,fc_volendam,Defender,75000.0,75000.0,67994.16650398169,7005.833496018313,9.341111328024416
Philip Billing,Danimarka_superliga,fc_midtjylland,Midfield,7000000.0,7000000.0,7983086.2212645905,983086.2212645905,14.044088875208436
Martin Dúbravka,Ingiltere_premier_league,burnley,Goalkeeper,750000.0,750000.0,976224.6479418611,226224.64794186107,30.16328639224814
Onur Bulut,Turkiye_trendyol_super_lig,basaksehir_fk,Defender,700000.0,700000.0,612924.6910004012,87075.30899959884,12.439329857085548
Mark Assinor,Ukrayna_premier_league,lnz_cherkasy,Attack,1500000.0,1500000.0,465916.6989054574,1034083.3010945426,68.93888673963617
Dejan Petrovič,Hirvatistan_hnl,hnk_rijeka,Midfield,1500000.0,1500000.0,1407707.070676033,92292.92932396708,6.152861954931139
Ismaelo Ganiou,Fransa_ligue_1,rc_lens,Defender,10000000.0,10000000.0,15424905.283262936,5424905.283262936,54.24905283262936
Adam Armstrong,Ingiltere_championship,southampton,Attack,8000000.0,8000000.0,10921757.987878485,2921757.9878784847,36.52197484848106
Daniel Bielica,Hollanda_eredivisie,nac_breda,Goalkeeper,1000000.0,1000000.0,1669058.9445624189,669058.9445624189,66.90589445624188
Ibrahim Salah,Isvicre_super_league,basel,Attack,2000000.0,2000000.0,2478125.301163527,478125.3011635272,23.90626505817636
Stefan Mitrović,Yunanistan_super_league,asteras_aktor,Attack,900000.0,900000.0,995336.0705008127,95336.07050081273,10.592896722312526
Andy Halliday,Iskocya_premiership,motherwell,Midfield,150000.0,150000.0,-40993.75167481802,190993.75167481802,127.32916778321201
Ethan Ampadu,Ingiltere_premier_league,leeds_united,Midfield,25000000.0,25000000.0,17449111.32496462,7550888.67503538,30.20355470014152
Friday Etim,Danimarka_superliga,fc_fredericia,Attack,500000.0,500000.0,896550.7299626049,396550.72996260494,79.31014599252099
Achraf Hakimi,Fransa_ligue_1,paris_saintgermain,Defender,80000000.0,80000000.0,90317210.17344387,10317210.173443869,12.896512716804837
Marash Kumbulla,Ispanya_laliga,mallorca,Defender,4000000.0,4000000.0,6785356.28980655,2785356.2898065504,69.63390724516375
Silvan Sidler,Isvicre_super_league,fc_winterthur,Defender,350000.0,350000.0,148680.66664787414,201319.33335212586,57.51980952917882
Beto,Ingiltere_premier_league,everton,Attack,20000000.0,20000000.0,20185738.840763025,185738.840763025,0.9286942038151249
Frenkie de Jong,Ispanya_laliga,fc_barcelona,Midfield,45000000.0,45000000.0,26248101.17243345,18751898.82756655,41.67088628348122
Fabian Schär,Ingiltere_premier_league,newcastle_united,Defender,6000000.0,6000000.0,5021044.280290581,978955.7197094187,16.315928661823644
Felix Passlack,Iskocya_premiership,hibernian,Defender,700000.0,700000.0,1632569.5395685583,932569.5395685583,133.22421993836548
Nicolas Bürgy,Danimarka_superliga,odense_boldklub,Defender,800000.0,800000.0,679926.5635445836,120073.43645541638,15.009179556927046
Casemiro,Ingiltere_premier_league,manchester_united,Midfield,8000000.0,8000000.0,7236362.111487353,763637.8885126468,9.545473606408086
Ramon Hendriks,Almanya_bundesliga,vfb_stuttgart,Defender,20000000.0,20000000.0,6895953.091570829,13104046.908429172,65.52023454214586
Bung Meng Freimann,Isvicre_super_league,fc_luzern,Defender,2500000.0,2500000.0,2904239.6033098437,404239.6033098437,16.169584132393748
Can Uzun,Almanya_bundesliga,eintracht_frankfurt,Midfield,45000000.0,45000000.0,22431839.099176623,22568160.900823377,50.15146866849639
Erling Haaland,Ingiltere_premier_league,manchester_city,Attack,200000000.0,200000000.0,178747923.63336614,21252076.366633862,10.62603818331693
Fiete Arp,Danimarka_superliga,odense_boldklub,Midfield,1200000.0,1200000.0,1037549.7698094666,162450.23019053345,13.537519182544456
Tammy Abraham,Ingiltere_premier_league,aston_villa,Attack,20000000.0,20000000.0,9509236.404239967,10490763.595760033,52.45381797880017
Alessio Castro-Montes,Belcika_pro_league,royale_union_saintgilloise,Midfield,3000000.0,3000000.0,3645863.9137154,645863.9137153998,21.52879712384666
Dario Ulrich,Isvicre_super_league,fc_winterthur,Defender,250000.0,250000.0,325066.72121693974,75066.72121693974,30.026688486775893
Dominik Pech,Isvicre_super_league,bsc_young_boys,Midfield,2000000.0,2000000.0,2163084.929763222,163084.9297632221,8.154246488161105
Andreas Bouchalakis,Yunanistan_super_league,gfs_panetolikos,Midfield,350000.0,350000.0,261273.91144746507,88726.08855253493,25.35031101500998
Micky van de Ven,Ingiltere_premier_league,tottenham_hotspur,Defender,65000000.0,65000000.0,47947887.78481963,17052112.215180367,26.23401879258518
Natan,Ispanya_laliga,real_betis,Defender,25000000.0,25000000.0,9295850.81465297,15704149.18534703,62.81659674138812
Gonçalo Costa,Portekiz_liga_portugal,estoril_praia,Defender,400000.0,400000.0,224440.31727837826,175559.68272162174,43.88992068040544
Makana Baku,Yunanistan_super_league,aps_atromitos_athinon,Attack,700000.0,700000.0,775561.7355276754,75561.73552767537,10.794533646810766
Georgiy Tsitaishvili,Fransa_ligue_1,metz,Attack,2500000.0,2500000.0,2107261.8391406666,392738.16085933335,15.709526434373334
Federico Bonazzoli,Italya_serie_a,cremonese,Attack,2500000.0,2500000.0,1144450.5916402263,1355549.4083597737,54.221976334390945
Daniil Khrypchuk,Ukrayna_premier_league,kolos_kovalivka,Defender,350000.0,350000.0,592712.9464009944,242712.94640099443,69.34655611456984
Ricardo Horta,Portekiz_liga_portugal,sporting_braga,Attack,10000000.0,10000000.0,9552079.023718005,447920.97628199495,4.479209762819949
Edmund Baidoo,Avusturya_bundesliga,red_bull_salzburg,Attack,8000000.0,8000000.0,5470936.185066983,2529063.814933017,31.613297686662712
Kevin Behrens,Isvicre_super_league,fc_lugano,Attack,600000.0,600000.0,333904.0517320692,266095.9482679308,44.3493247113218
Tammy Abraham,Turkiye_trendyol_super_lig,besiktas_jk,Attack,20000000.0,20000000.0,8866246.569974553,11133753.430025447,55.66876715012724
Martim Neto,Ispanya_laliga,elche,Midfield,5000000.0,5000000.0,5600455.323366735,600455.3233667351,12.009106467334703
Warren Kamanzi,Fransa_ligue_1,toulouse,Defender,1500000.0,1500000.0,2754906.3760946845,1254906.3760946845,83.66042507297897
Okan Kocuk,Turkiye_trendyol_super_lig,samsunspor,Goalkeeper,2200000.0,2200000.0,1717218.8022144078,482781.1977855922,21.9445998993451
Melvin Bard,Fransa_ligue_1,nice,Defender,10000000.0,10000000.0,12160897.376589136,2160897.376589136,21.608973765891363
Héctor Bellerín,Ispanya_laliga,real_betis,Defender,2500000.0,2500000.0,1876529.8080855557,623470.1919144443,24.938807676577774
Marin Šotiček,Isvicre_super_league,basel,Attack,2000000.0,2000000.0,3082624.1534908344,1082624.1534908344,54.13120767454171
Bojan Miovski,Ispanya_laliga,girona_fc,Attack,2500000.0,2500000.0,3135454.280882575,635454.2808825751,25.418171235303006
Felix Passlack,Iskocya_premiership,hibernian,Defender,700000.0,700000.0,1687175.0652810703,987175.0652810703,141.0250093258672
Yann Bisseck,Italya_serie_a,inter,Defender,40000000.0,40000000.0,23182121.941694327,16817878.058305673,42.04469514576418
Maksym Zaderaka,Ukrayna_premier_league,fc_kryvbas_kryvyi_rih,Midfield,700000.0,700000.0,585730.0939810198,114269.9060189802,16.324272288425743
Stefan Mitrović,Sirbistan_superliga,fk_partizan,Defender,250000.0,250000.0,250270.25752488867,270.25752488867147,0.10810300995546859
Pavel Šulc,Fransa_ligue_1,olympique_lyonnais,Midfield,20000000.0,20000000.0,11225948.261645274,8774051.738354726,43.87025869177363
Patrik Schick,Almanya_bundesliga,bayer_04_leverkusen,Attack,20000000.0,20000000.0,24088520.36504791,4088520.3650479093,20.442601825239546
Matthis Abline,Fransa_ligue_1,nantes,Attack,20000000.0,20000000.0,18841746.110449873,1158253.889550127,5.7912694477506355
Renan Lodi,Brezilya_serie_a,atletico_mineiro,Defender,12000000.0,12000000.0,11252106.705139944,747893.2948600557,6.2324441238337975
César Azpilicueta,Ispanya_laliga,sevilla,Defender,1200000.0,1200000.0,906839.5967318912,293160.40326810884,24.430033605675735
Stefan Bukinac,Sirbistan_superliga,fk_vojvodina,Defender,4000000.0,4000000.0,2060389.0419340532,1939610.9580659468,48.490273951648675
Dimitri Lavalėe,Avusturya_bundesliga,sk_sturm_graz,Defender,2000000.0,2000000.0,4374849.049544036,2374849.0495440364,118.74245247720181
Agon Mucolli,Danimarka_superliga,fc_fredericia,Attack,450000.0,450000.0,554990.803107246,104990.80310724606,23.331289579388013
Pedro,Italya_serie_a,lazio,Attack,1000000.0,1000000.0,1611939.8880268112,611939.8880268112,61.19398880268112
Micky van de Ven,Ingiltere_premier_league,tottenham_hotspur,Defender,65000000.0,65000000.0,46283634.67393376,18716365.32606624,28.794408193948062
Patrick Osterhage,Almanya_bundesliga,sc_freiburg,Midfield,12000000.0,12000000.0,9787780.414911298,2212219.585088702,18.435163209072517
Ante Budimir,Ispanya_laliga,osasuna,Attack,3000000.0,3000000.0,5011521.36799706,2011521.3679970596,67.05071226656865
Dani Ceballos,Ispanya_laliga,real_madrid,Midfield,8000000.0,8000000.0,10511839.276176032,2511839.2761760317,31.397990952200395
Benjamin Arthur,Iskocya_premiership,celtic,Defender,100000.0,100000.0,317324.5716665288,217324.57166652882,217.3245716665288
Ko Itakura,Hollanda_eredivisie,afc_ajax,Defender,10000000.0,10000000.0,11144669.229285264,1144669.2292852644,11.446692292852644
Taisei Abe,Isvicre_super_league,fc_luzern,Midfield,2000000.0,2000000.0,978822.3591014595,1021177.6408985405,51.058882044927024
Mohammed Al-Qahtani,Suudi_arabistan_pro_league,altaawoun,Attack,300000.0,300000.0,400092.44094352936,100092.44094352936,33.364146981176454
Nicolas-Gerrit Kühn,Italya_serie_a,como,Attack,12000000.0,12000000.0,14437858.155151539,2437858.1551515386,20.315484626262823
Marcus Bundgaard Sorensen,Danimarka_superliga,snderjyske_fodbold,Goalkeeper,850000.0,850000.0,492195.34745326475,357804.65254673525,42.094665005498264
Christian,Brezilya_serie_a,cruzeiro,Midfield,10000000.0,10000000.0,8794519.437612437,1205480.5623875633,12.054805623875634
Miloš Cvetković,Sirbistan_superliga,fk_cukaricki,Defender,100000.0,100000.0,136311.72656174796,36311.72656174796,36.31172656174796
Michael Brouwer,Hollanda_eredivisie,fc_utrecht,Goalkeeper,300000.0,300000.0,304758.2897721963,4758.289772196324,1.5860965907321076
Arkadiusz Milik,Italya_serie_a,juventus,Attack,1500000.0,1500000.0,2259872.3218875523,759872.3218875523,50.65815479250348
Angelos Liasos,Yunanistan_super_league,mgs_panserraikos,Midfield,350000.0,350000.0,317105.2908980436,32894.709101956396,9.398488314844684
Dodô,Italya_serie_a,fiorentina,Defender,18000000.0,18000000.0,19398547.51226987,1398547.5122698694,7.769708401499274
Domagoj Vida,Yunanistan_super_league,aek_athens,Defender,600000.0,600000.0,656922.2244890603,56922.22448906035,9.48703741484339
Núrio Fortuna,Yunanistan_super_league,nps_volos,Defender,600000.0,600000.0,594440.0751371988,5559.924862801214,0.9266541438002023
João Neves,Fransa_ligue_1,paris_saintgermain,Midfield,110000000.0,110000000.0,95501022.09360507,14498977.906394929,13.18088900581357
Sascha Horvath,Avusturya_bundesliga,lask,Midfield,1800000.0,1800000.0,1816460.3135028488,16460.313502848847,0.9144618612693803
Ben Davies,Ingiltere_premier_league,tottenham_hotspur,Defender,5000000.0,5000000.0,4098714.6976910927,901285.3023089073,18.025706046178144
Timi Max Elšnik,Sirbistan_superliga,fk_crvena_zvezda,Midfield,7000000.0,7000000.0,8826882.935765669,1826882.9357656687,26.098327653795266
Guéla Doué,Fransa_ligue_1,rc_strasbourg,Defender,18000000.0,18000000.0,15988310.277860453,2011689.7221395466,11.17605401188637
Youssef Enriquez Lekhedim,Ispanya_laliga,deportivo_alaves,Defender,5000000.0,5000000.0,3235414.3807484107,1764585.6192515893,35.291712385031786
Mats Seuntjens,Hollanda_eredivisie,fc_groningen,Midfield,350000.0,350000.0,479448.7328743501,129448.7328743501,36.98535224981431
Abdullah Al-Shanqiti,Suudi_arabistan_pro_league,alhazem,Defender,175000.0,175000.0,528964.7815333619,353964.7815333619,202.26558944763536
Tobias Mohr,Belcika_pro_league,standard_liege,Midfield,900000.0,900000.0,76563.2371482973,823436.7628517027,91.49297365018919
Denys Popov,Ukrayna_premier_league,dynamo_kyiv,Defender,3500000.0,3500000.0,2813251.880077225,686748.1199227748,19.621374854936423
Unai López,Ispanya_laliga,rayo_vallecano,Midfield,2500000.0,2500000.0,2394580.817062971,105419.18293702882,4.216767317481153
Abdulrahman Al-Obaid,Suudi_arabistan_pro_league,damac_fc,Defender,100000.0,100000.0,-41454.20418444974,141454.20418444974,141.45420418444974
Mohamed Kader Meite,Suudi_arabistan_pro_league,alhilal,Attack,18000000.0,18000000.0,10485005.217621831,7514994.782378169,41.74997101321205
Fikayo Tomori,Italya_serie_a,milan,Defender,20000000.0,20000000.0,16246925.664497204,3753074.335502796,18.76537167751398
Daniil Vashchenko,Ukrayna_premier_league,oleksandria,Midfield,350000.0,350000.0,473774.0681404835,123774.06814048352,35.36401946870958
Ilya Kvasnytsya,Ukrayna_premier_league,karpaty_lviv,Attack,1200000.0,1200000.0,2143781.3113456466,943781.3113456466,78.64844261213722
Dušan Pantelić,Sirbistan_superliga,fk_javor_ivanjica,Midfield,150000.0,150000.0,87500.05250102245,62499.94749897755,41.66663166598503
Marcus Thuram,Italya_serie_a,inter,Attack,50000000.0,50000000.0,59263393.3415235,9263393.341523498,18.526786683046996
Francesco Acerbi,Italya_serie_a,inter,Defender,2500000.0,2500000.0,2348247.143467685,151752.8565323148,6.070114261292591
Shurandy Sambo,Hollanda_eredivisie,sparta_rotterdam,Defender,1500000.0,1500000.0,1313962.6102902277,186037.3897097723,12.402492647318155
Brayan Medina,Portekiz_liga_portugal,tondela,Defender,4000000.0,4000000.0,1747042.6235146963,2252957.376485304,56.3239344121326
Anthony Moris,Suudi_arabistan_pro_league,alkhaleej,Goalkeeper,1500000.0,1500000.0,1050277.6049401453,449722.3950598547,29.981493003990316
Felix Passlack,Iskocya_premiership,hibernian,Defender,700000.0,700000.0,1680116.4914652049,980116.4914652049,140.0166416378864
Okan Kocuk,Turkiye_trendyol_super_lig,samsunspor,Goalkeeper,2200000.0,2200000.0,1578721.9226489,621278.0773511,28.239912606868184
Miloš Pantović,Sirbistan_superliga,ofk_beograd,Midfield,400000.0,400000.0,317867.24527517083,82132.75472482917,20.533188681207292
Çağlar Söyüncü,Turkiye_trendyol_super_lig,fenerbahce,Defender,4500000.0,4500000.0,5360999.933554432,860999.9335544324,19.133331856765164
Ihlas Bebou,Almanya_bundesliga,tsg_hoffenheim,Attack,800000.0,800000.0,878590.5885325846,78590.5885325846,9.823823566573076
Dimitri Lavalėe,Avusturya_bundesliga,sk_sturm_graz,Defender,2000000.0,2000000.0,3165575.0351167377,1165575.0351167377,58.278751755836886
Jim Allevinah,Turkiye_trendyol_super_lig,kasmpasa,Attack,1200000.0,1200000.0,877742.2337586124,322257.7662413876,26.854813853448967
Timi Max Elšnik,Sirbistan_superliga,fk_crvena_zvezda,Midfield,7000000.0,7000000.0,8437720.158384873,1437720.1583848726,20.53885940549818
Amos Pieper,Almanya_bundesliga,sv_werder_bremen,Defender,4000000.0,4000000.0,4433476.733171565,433476.73317156546,10.836918329289135
Williot Swedberg,Ispanya_laliga,celta_vigo,Attack,15000000.0,15000000.0,3910156.3206132683,11089843.679386731,73.93229119591153
Alexander Jensen,Iskocya_premiership,aberdeen,Defender,1300000.0,1300000.0,1215624.7813897987,84375.21861020126,6.490401431553944
Sanel Saljic,Avusturya_bundesliga,fk_austria_wien,Midfield,1500000.0,1500000.0,688127.3473993065,811872.6526006935,54.12484350671291
Neto Moura,Brezilya_serie_a,mirassol,Midfield,2000000.0,2000000.0,389394.56924422696,1610605.430755773,80.53027153778865
Aleksa Vukanović,Sirbistan_superliga,fk_vojvodina,Attack,200000.0,200000.0,100131.33134524467,99868.66865475533,49.93433432737766
Mikel Merino,Ingiltere_premier_league,arsenal,Midfield,30000000.0,30000000.0,31219363.297763005,1219363.297763005,4.064544325876683
Oleksandr Saputin,Ukrayna_premier_league,zoria_luhansk,Goalkeeper,700000.0,700000.0,802991.990474035,102991.99047403503,14.713141496290719
Furkan Dursun,Isvicre_super_league,fc_thun,Attack,400000.0,400000.0,1302065.1815683162,902065.1815683162,225.51629539207903
Ignace Van der Brempt,Italya_serie_a,como,Defender,3500000.0,3500000.0,3387175.605842413,112824.39415758708,3.2235541187882024
Bünyamin Balcı,Turkiye_trendyol_super_lig,antalyaspor,Defender,2200000.0,2200000.0,2439683.5680561443,239683.5680561443,10.89470763891565
Gabriel Gudmundsson,Ingiltere_premier_league,leeds_united,Defender,20000000.0,20000000.0,7785691.017905334,12214308.982094666,61.07154491047333
Marc Roca,Ispanya_laliga,real_betis,Midfield,4000000.0,4000000.0,4494896.483246098,494896.4832460983,12.372412081152456
Zaid Romero,Ispanya_laliga,getafe,Defender,2500000.0,2500000.0,1981018.3322386213,518981.6677613787,20.759266710455147
Filippo Terracciano,Italya_serie_a,cremonese,Defender,4500000.0,4500000.0,6789966.14597301,2289966.14597301,50.888136577178
Lyanco,Brezilya_serie_a,atletico_mineiro,Defender,5000000.0,5000000.0,5713460.202440456,713460.2024404556,14.269204048809112
Isaac Mbenza,Belcika_pro_league,rc_sporting_charleroi,Attack,500000.0,500000.0,1505995.1566538862,1005995.1566538862,201.19903133077725
Dani van den Heuvel,Belcika_pro_league,club_brugge_kv,Goalkeeper,400000.0,400000.0,480932.1401139345,80932.14011393453,20.23303502848363
Unai López,Ispanya_laliga,rayo_vallecano,Midfield,2500000.0,2500000.0,3034584.155736008,534584.1557360082,21.38336622944033
Khaled Narey,Suudi_arabistan_pro_league,alokhdood,Attack,2000000.0,2000000.0,1932704.1862093422,67295.81379065779,3.364790689532889
Danny Welbeck,Ingiltere_premier_league,brighton__hove_albion,Attack,4000000.0,4000000.0,4668443.058135487,668443.0581354871,16.71107645338718
Joan García,Ispanya_laliga,fc_barcelona,Goalkeeper,40000000.0,40000000.0,30738815.96872226,9261184.031277739,23.152960078194347
Mahamadou Doumbia,Suudi_arabistan_pro_league,alittihad,Midfield,9000000.0,9000000.0,13541373.54403785,4541373.544037851,50.459706044865
Kenny McLean,Ingiltere_championship,norwich_city,0,500000.0,500000.0,2749513.125303444,2249513.125303444,449.90262506068876
Przemysław Tytoń,Hollanda_eredivisie,fc_twente,Goalkeeper,75000.0,75000.0,385413.2400679134,310413.2400679134,413.8843200905511
Bahereba Guirassy,Fransa_ligue_1,nantes,Attack,8000000.0,8000000.0,2675364.7819131184,5324635.218086882,66.55794022608602
Dimitri Lavalėe,Avusturya_bundesliga,sk_sturm_graz,Defender,2000000.0,2000000.0,3076227.512455747,1076227.512455747,53.81137562278735
Exequiel Palacios,Almanya_bundesliga,bayer_04_leverkusen,Midfield,30000000.0,30000000.0,39275233.16991679,9275233.169916794,30.917443899722645
Nacho Ferri,Belcika_pro_league,kvc_westerlo,Attack,4000000.0,4000000.0,1393767.2248199636,2606232.775180036,65.1558193795009
José Andrés Hurtado,Brezilya_serie_a,red_bull_bragantino,Defender,3000000.0,3000000.0,2764829.675432182,235170.32456781808,7.839010818927269
Pere Milla,Ispanya_laliga,espanyol,Attack,1200000.0,1200000.0,978415.0453824988,221584.95461750124,18.46541288479177
Joël Piroe,Ingiltere_premier_league,leeds_united,Attack,13000000.0,13000000.0,19171496.854816847,6171496.854816847,47.47305272936036
Mattheos Mountes,Yunanistan_super_league,aps_atromitos_athinon,Midfield,500000.0,500000.0,448937.86657483096,51062.13342516904,10.212426685033808
Kevin De Bruyne,Italya_serie_a,napoli,Midfield,10000000.0,10000000.0,16494333.51281942,6494333.512819421,64.9433351281942
Scott Bain,Iskocya_premiership,falkirk_fc,Goalkeeper,100000.0,100000.0,-4653.809136526441,104653.80913652644,104.65380913652645
Alex Telles,Brezilya_serie_a,botafogo,Defender,3000000.0,3000000.0,2952193.943548784,47806.056451215874,1.5935352150405293
Rafa Mir,Ispanya_laliga,elche,Attack,4000000.0,4000000.0,1904444.6245202255,2095555.3754797745,52.38888438699436
Victor Froholdt,Portekiz_liga_portugal,fc_porto,Midfield,30000000.0,30000000.0,21164396.914143912,8835603.085856088,29.452010286186958
Charles Vanhoutte,Fransa_ligue_1,nice,Midfield,7000000.0,7000000.0,4923605.527053813,2076394.4729461865,29.66277818494552
Yassine Benzia,Suudi_arabistan_pro_league,alfayha,Midfield,1000000.0,1000000.0,1120217.8822980348,120217.88229803485,12.021788229803484
Noah Atubolu,Almanya_bundesliga,sc_freiburg,Goalkeeper,20000000.0,20000000.0,14447399.466641229,5552600.533358771,27.763002666793856
Omar Fayed,Portekiz_liga_portugal,fc_arouca,Defender,1000000.0,1000000.0,2856064.82114681,1856064.82114681,185.606482114681
Álvaro Barreal,Brezilya_serie_a,santos,Attack,7000000.0,7000000.0,5723692.5888201585,1276307.4111798415,18.232963016854878
André Carrillo,Brezilya_serie_a,corinthians,Midfield,900000.0,900000.0,1174554.3990458858,274554.3990458858,30.506044338431753
Tiago Araújo,Belcika_pro_league,kaa_gent,Defender,2000000.0,2000000.0,991041.6903376905,1008958.3096623095,50.447915483115466
Victor Bak Jensen,Danimarka_superliga,fc_midtjylland,Defender,3000000.0,3000000.0,1298692.282581971,1701307.717418029,56.710257247267634
Anton Stach,Ingiltere_premier_league,leeds_united,Midfield,25000000.0,25000000.0,11285561.064566594,13714438.935433406,54.85775574173363
Angelos Liasos,Yunanistan_super_league,mgs_panserraikos,Midfield,350000.0,350000.0,391728.92603374494,41728.92603374494,11.922550295355697
Angelos Liasos,Yunanistan_super_league,mgs_panserraikos,Midfield,350000.0,350000.0,476935.6215913808,126935.6215913808,36.26732045468023
Philip Billing,Danimarka_superliga,fc_midtjylland,Midfield,7000000.0,7000000.0,8295022.155635766,1295022.1556357658,18.500316509082367
Benjamin Nygren,Iskocya_premiership,celtic,Attack,10000000.0,10000000.0,5561172.335197008,4438827.664802992,44.388276648029915
Yevgeniy Skyba,Cekya_first_league,mfk_karvina,0,450000.0,450000.0,291023.66182705254,158976.33817294746,35.32807514954388
Mathew Ryan,Ispanya_laliga,levante_ud,Goalkeeper,2000000.0,2000000.0,1751416.1052776761,248583.89472232386,12.429194736116193
Mihajlo Petković,Sirbistan_superliga,fk_novi_pazar,Midfield,1500000.0,1500000.0,1314244.133460101,185755.86653989903,12.383724435993267
Leon Belcar,Hirvatistan_hnl,nk_lokomotiva_zagreb,Midfield,500000.0,500000.0,776316.5613157358,276316.5613157358,55.26331226314716
Rodrigo Castillo,Brezilya_serie_a,fluminense,Attack,6000000.0,6000000.0,1853801.0119500442,4146198.988049956,69.10331646749927
Kassoum Ouattara,Fransa_ligue_1,as_monaco,Defender,12000000.0,12000000.0,5418857.900845697,6581142.099154303,54.84285082628586
Abdoulaye Diaby,Isvicre_super_league,grasshopper_club_zurich,Defender,800000.0,800000.0,1161184.3096053714,361184.30960537144,45.14803870067143
Valentyn Horokh,Ukrayna_premier_league,nk_veres_rivne,Goalkeeper,500000.0,500000.0,-73193.92448528684,573193.9244852868,114.63878489705736
Ivan Perišić,Hollanda_eredivisie,psv_eindhoven,Attack,1300000.0,1300000.0,1795871.6447557346,495871.6447557346,38.14397267351804
Álex Remiro,Ispanya_laliga,real_sociedad,Goalkeeper,14000000.0,14000000.0,13745838.851517368,254161.1484826319,1.8154367748759421
Luka Hodak,Hirvatistan_hnl,hnk_hajduk_split,Defender,1000000.0,1000000.0,342215.43610944774,657784.5638905523,65.77845638905522
Christian Joe Conteh,Almanya_bundesliga,1_fc_heidenheim,Attack,1500000.0,1500000.0,1487455.104035201,12544.895964798983,0.8363263976532656
Guilherme Luiz,Turkiye_trendyol_super_lig,goztepe,Attack,1500000.0,1500000.0,-31617.245366216892,1531617.2453662169,102.1078163577478
Pedro,Italya_serie_a,lazio,Attack,1000000.0,1000000.0,1080742.3001973827,80742.30019738269,8.07423001973827
Pedro Porro,Ingiltere_premier_league,tottenham_hotspur,Defender,40000000.0,40000000.0,32493791.82379841,7506208.176201589,18.765520440503973
Tygo Land,Hollanda_eredivisie,fc_groningen,Midfield,1500000.0,1500000.0,4439812.5858889995,2939812.5858889995,195.98750572593332
Calvin Verdonk,Hollanda_eredivisie,nec_nijmegen,Defender,3000000.0,3000000.0,1918706.7169340805,1081293.2830659195,36.04310943553065
Achraf Hakimi,Fransa_ligue_1,paris_saintgermain,Defender,80000000.0,80000000.0,88471442.01146996,8471442.01146996,10.58930251433745
Ko Itakura,Hollanda_eredivisie,afc_ajax,Defender,10000000.0,10000000.0,11710259.986595443,1710259.9865954425,17.102599865954428
Tyrone Mings,Ingiltere_premier_league,aston_villa,Defender,4000000.0,4000000.0,3848356.9057982154,151643.09420178458,3.791077355044614
Neto Moura,Brezilya_serie_a,mirassol,Midfield,2000000.0,2000000.0,862181.9660480698,1137818.0339519302,56.890901697596505
Rodri,Ingiltere_premier_league,manchester_city,Midfield,65000000.0,65000000.0,88711143.66955517,23711143.669555172,36.47868256854642
Srđan Kuzmić,Danimarka_superliga,viborg_ff,Defender,1800000.0,1800000.0,1679845.5929451936,120154.40705480636,6.675244836378131
Flávio,Suudi_arabistan_pro_league,altaawoun,Midfield,2000000.0,2000000.0,2208982.457726649,208982.457726649,10.44912288633245
Furkan Demir,Avusturya_bundesliga,sk_rapid_wien,Defender,1000000.0,1000000.0,813761.8623912096,186238.13760879042,18.62381376087904
Luka Stankovski,Ukrayna_premier_league,kolos_kovalivka,Midfield,500000.0,500000.0,883791.8189249146,383791.8189249146,76.75836378498292
Charles Vanhoutte,Belcika_pro_league,royale_union_saintgilloise,Midfield,7000000.0,7000000.0,6275661.3100785585,724338.6899214415,10.347695570306307
Fredrik Jensen,Hollanda_eredivisie,nac_breda,Midfield,300000.0,300000.0,99375.81246453039,200624.1875354696,66.87472917848987
Stefan Ortega,Ingiltere_premier_league,nottingham_forest,Goalkeeper,5000000.0,5000000.0,5422318.570710472,422318.57071047183,8.446371414209436
Stefan Bastaja,Sirbistan_superliga,fk_imt_beograd,Defender,300000.0,300000.0,559484.7172161817,259484.71721618169,86.49490573872723
Freddie Potts,Ingiltere_premier_league,west_ham_united,Midfield,10000000.0,10000000.0,1090785.9779803257,8909214.022019675,89.09214022019675
Ruslan Babenko,Ukrayna_premier_league,polissya_zhytomyr,Midfield,300000.0,300000.0,243005.94676328357,56994.05323671643,18.99801774557214
Alejandro Catena,Ispanya_laliga,osasuna,Defender,2800000.0,2800000.0,2319359.6633715816,480640.3366284184,17.1657263081578
Hiroki Itō,Almanya_bundesliga,fc_bayern_munchen,Defender,18000000.0,18000000.0,23398346.26824627,5398346.268246271,29.990812601368173
Danilo,Brezilya_serie_a,botafogo,Midfield,24000000.0,24000000.0,25688712.197558805,1688712.1975588053,7.036300823161688
Cauan Barros,Brezilya_serie_a,vasco_da_gama,Midfield,4000000.0,4000000.0,2459439.011005927,1540560.9889940731,38.51402472485183
Stephan El Shaarawy,Italya_serie_a,roma,Attack,2500000.0,2500000.0,2325693.494164811,174306.50583518902,6.972260233407561
Mike van Duinen,Hollanda_eredivisie,excelsior,Attack,150000.0,150000.0,355991.38540195674,205991.38540195674,137.32759026797117
Yvandro Borges Sanches,Hollanda_eredivisie,heracles_almelo,Attack,500000.0,500000.0,224460.48828905472,275539.5117109453,55.10790234218905
Ali Abdi,Fransa_ligue_1,nice,Defender,2500000.0,2500000.0,2461196.925454441,38803.07454555901,1.5521229818223603
Anthony Nwakaeme,Turkiye_trendyol_super_lig,trabzonspor,Attack,200000.0,200000.0,961122.2066992687,761122.2066992687,380.5611033496343
Stephen Kingsley,Iskocya_premiership,heart_of_midlothian,Defender,70000.0,70000.0,3557.8340771868498,66442.16592281315,94.91737988973307
Mark O'Hara,Iskocya_premiership,st_mirren,Midfield,600000.0,600000.0,720401.7892117496,120401.78921174956,20.06696486862493
Arda Güler,Ispanya_laliga,real_madrid,Midfield,90000000.0,90000000.0,46055462.875489175,43944537.124510825,48.82726347167869
Christian Joe Conteh,Almanya_bundesliga,1_fc_heidenheim,Attack,1500000.0,1500000.0,1993464.290812652,493464.2908126521,32.89761938751014
Victor Okoh Boniface,Almanya_bundesliga,sv_werder_bremen,Attack,5000000.0,5000000.0,41697551.04061289,36697551.04061289,733.9510208122579
Edward Chilufya,Danimarka_superliga,fc_midtjylland,Attack,850000.0,850000.0,1626978.874891373,776978.8748913731,91.40927939898506
Cristian Volpato,Italya_serie_a,sassuolo,Midfield,10000000.0,10000000.0,5804271.76400285,4195728.23599715,41.9572823599715
Miloš Pantović,Yunanistan_super_league,panathinaikos_fc,Attack,3000000.0,3000000.0,2902994.6094033024,97005.39059669757,3.2335130198899193
Aaron Leya Iseka,Yunanistan_super_league,ofi_crete,Attack,350000.0,350000.0,361669.7035591698,11669.703559169779,3.334201016905651
Miljan Momčilović,Sirbistan_superliga,ofk_beograd,Midfield,1000000.0,1000000.0,1570466.7094620767,570466.7094620767,57.04667094620767
Pedro Raul,Brezilya_serie_a,corinthians,Attack,17000000.0,17000000.0,19933719.23223304,2933719.23223304,17.257171954312
Álvaro Odriozola,Ispanya_laliga,real_sociedad,Defender,800000.0,800000.0,650950.8414073534,149049.1585926466,18.631144824080824
Pedro,Italya_serie_a,lazio,Attack,1000000.0,1000000.0,1611040.2984735663,611040.2984735663,61.104029847356635
Giorgio Scalvini,Italya_serie_a,atalanta,Defender,30000000.0,30000000.0,22008215.86735575,7991784.132644251,26.639280442147506
João Mário,Yunanistan_super_league,aek_athens,Midfield,1800000.0,1800000.0,1563590.771426268,236409.22857373208,13.133846031874006
Carlos Eduardo,Portekiz_liga_portugal,gil_vicente,Attack,700000.0,700000.0,975548.9626535396,275548.9626535396,39.364137521934225
Pedro Porro,Ingiltere_premier_league,tottenham_hotspur,Defender,40000000.0,40000000.0,32024503.50392206,7975496.49607794,19.938741240194847
Wes Burns,Ingiltere_championship,ipswich_town,0,1800000.0,1800000.0,2633261.1663210564,833261.1663210564,46.29228701783647
Odsonne Édouard,Fransa_ligue_1,rc_lens,Attack,12000000.0,12000000.0,6307314.72916999,5692685.27083001,47.43904392358342
Mattia Zaccagni,Italya_serie_a,lazio,Attack,12000000.0,12000000.0,14334679.338457001,2334679.3384570014,19.455661153808347
Thalisson Kelven,Turkiye_trendyol_super_lig,genclerbirligi,Defender,700000.0,700000.0,844611.2696120713,144611.26961207134,20.658752801724475
Robert,Danimarka_superliga,fc_kbenhavn,Attack,2200000.0,2200000.0,1581392.840375422,618607.159624578,28.118507255662635
Reo Hatate,Iskocya_premiership,celtic,Midfield,10000000.0,10000000.0,12612394.766829923,2612394.766829923,26.12394766829923
Carlos Cuesta,Brezilya_serie_a,vasco_da_gama,Defender,7000000.0,7000000.0,7454259.9694774235,454259.96947742347,6.489428135391765
Kevin De Bruyne,Italya_serie_a,napoli,Midfield,10000000.0,10000000.0,16287387.367571583,6287387.367571583,62.87387367571583
Jonathan de Guzmán,Hollanda_eredivisie,sparta_rotterdam,Midfield,50000.0,50000.0,170152.9445631644,120152.9445631644,240.30588912632882
Gianluca Mancini,Italya_serie_a,roma,Defender,15000000.0,15000000.0,12018347.732420603,2981652.267579397,19.87768178386265
Çağlar Söyüncü,Turkiye_trendyol_super_lig,fenerbahce,Defender,4500000.0,4500000.0,5069252.236975715,569252.2369757146,12.650049710571434
Ramy Bensebaini,Almanya_bundesliga,borussia_dortmund,Defender,7000000.0,7000000.0,4372297.653152954,2627702.346847046,37.538604954957805
James Hill,Ingiltere_premier_league,bournemouth,Defender,15000000.0,15000000.0,5217885.379542203,9782114.620457798,65.21409746971865
Oleksandr Kemkin,Ukrayna_premier_league,fc_kryvbas_kryvyi_rih,Goalkeeper,800000.0,800000.0,427171.81447256077,372828.18552743923,46.6035231909299
Marley Aké,Belcika_pro_league,sv_zulte_waregem,Attack,2200000.0,2200000.0,1620794.0926075818,579205.9073924182,26.32754124510992
Stefano Denswil,Turkiye_trendyol_super_lig,kayserispor,Defender,800000.0,800000.0,1246795.3253325578,446795.3253325578,55.849415666569726
Yehor Yarmolyuk,Ingiltere_premier_league,brentford,Midfield,30000000.0,30000000.0,19629411.119130738,10370588.880869262,34.56862960289754
André Luis,Brezilya_serie_a,mirassol,Attack,1200000.0,1200000.0,974314.0181145,225685.98188550002,18.807165157125002
Lincoln,Sirbistan_superliga,fk_spartak_subotica,Attack,350000.0,350000.0,279326.74757031014,70673.25242968986,20.19235783705425
Vanja Tomic,Sirbistan_superliga,fk_radnicki_1923,Midfield,150000.0,150000.0,589150.3197908467,439150.31979084667,292.7668798605645
Mikel Merino,Ingiltere_premier_league,arsenal,Midfield,30000000.0,30000000.0,30781239.338136032,781239.3381360322,2.604131127120107
James McAtee,Ingiltere_premier_league,nottingham_forest,Midfield,20000000.0,20000000.0,15793681.349428877,4206318.650571123,21.03159325285561
Ricardo Horta,Portekiz_liga_portugal,sporting_braga,Attack,10000000.0,10000000.0,9935045.4311959,64954.568804100156,0.6495456880410015
Domagoj Vida,Yunanistan_super_league,aek_athens,Defender,600000.0,600000.0,635010.2414191361,35010.24141913606,5.835040236522676
Petar Sukačev,Sirbistan_superliga,fk_vojvodina,Attack,300000.0,300000.0,383219.5979311287,83219.5979311287,27.7398659770429
Fabio Miretti,Italya_serie_a,juventus,Midfield,16000000.0,16000000.0,14556661.533606155,1443338.4663938452,9.020865414961532
Everaldo,Brezilya_serie_a,bahia,Attack,400000.0,400000.0,415391.2000674415,15391.200067441503,3.8478000168603756
Will Vaulks,Ingiltere_championship,oxford_united,0,500000.0,500000.0,1588489.432911584,1088489.432911584,217.69788658231678
Lucas Vennegoor of Hesselink,Hollanda_eredivisie,fc_twente,Attack,300000.0,300000.0,1499764.246303043,1199764.246303043,399.9214154343477
Nordi Mukiele,Ingiltere_premier_league,sunderland,Defender,18000000.0,18000000.0,9485958.718583725,8514041.281416275,47.30022934120153
Iurie Iovu,Iskocya_premiership,dundee_united,Defender,300000.0,300000.0,86342.8077534612,213657.19224653882,71.2190640821796
Mehdi Taremi,Yunanistan_super_league,olympiacos_fc,Attack,2500000.0,2500000.0,2702592.6978597036,202592.69785970356,8.103707914388142
Nair Tiknizyan,Sirbistan_superliga,fk_crvena_zvezda,Defender,5000000.0,5000000.0,4078628.3425767017,921371.6574232983,18.427433148465965
Marco Ilaimaharitra,Belcika_pro_league,standard_liege,Midfield,800000.0,800000.0,732986.7218741454,67013.27812585456,8.37665976573182
Nikola Krstović,Italya_serie_a,atalanta,Attack,25000000.0,25000000.0,14722153.146555496,10277846.853444504,41.11138741377802
Aaron Wan-Bissaka,Ingiltere_premier_league,west_ham_united,Defender,22000000.0,22000000.0,17277635.65458838,4722364.345411621,21.465292479143734
Samuele Vignato,Hirvatistan_hnl,hnk_rijeka,Midfield,2500000.0,2500000.0,3243678.600665392,743678.6006653919,29.747144026615675
Samú Costa,Ispanya_laliga,mallorca,Midfield,15000000.0,15000000.0,16228042.31802429,1228042.3180242907,8.186948786828605
Abbosbek Fayzullaev,Turkiye_trendyol_super_lig,basaksehir_fk,Attack,7000000.0,7000000.0,6400859.368428529,599140.6315714708,8.55915187959244
Patrik Carlgren,Fransa_ligue_1,nantes,Goalkeeper,500000.0,500000.0,286218.1079143263,213781.8920856737,42.75637841713474
Lucas Ferreira,Ukrayna_premier_league,shakhtar_donetsk,Attack,7000000.0,7000000.0,8603462.78001701,1603462.7800170109,22.906611143100157
Çağlar Söyüncü,Turkiye_trendyol_super_lig,fenerbahce,Defender,4500000.0,4500000.0,4975113.945294521,475113.9452945208,10.558087673211574
Antoine Mendy,Fransa_ligue_1,nice,Defender,6000000.0,6000000.0,5830804.035921487,169195.96407851297,2.8199327346418825
Alberto Botía,Yunanistan_super_league,ae_kifisia,Defender,75000.0,75000.0,140607.51352850214,65607.51352850214,87.47668470466951
Andrés Gómez,Brezilya_serie_a,vasco_da_gama,Attack,8000000.0,8000000.0,5448706.729514119,2551293.270485881,31.89116588107351
Aitor Paredes,Ispanya_laliga,athletic_club,Defender,15000000.0,15000000.0,14357739.58521078,642260.4147892203,4.281736098594802
Luka Lijeskić,Sirbistan_superliga,fk_radnicki_1923,Goalkeeper,500000.0,500000.0,699421.8149265668,199421.8149265668,39.88436298531336
Achraf Hakimi,Fransa_ligue_1,paris_saintgermain,Defender,80000000.0,80000000.0,88776540.48294947,8776540.482949466,10.970675603686832
Ko Itakura,Hollanda_eredivisie,afc_ajax,Defender,10000000.0,10000000.0,10981411.81862171,981411.81862171,9.8141181862171
Pascal Struijk,Ingiltere_premier_league,leeds_united,Defender,22000000.0,22000000.0,22688964.03738132,688964.0373813212,3.131654715369642
Pape Sy,Fransa_ligue_1,metz,Goalkeeper,300000.0,300000.0,1086604.7095996481,786604.7095996481,262.2015698665494
Srđan Mijailović,Sirbistan_superliga,fk_cukaricki,Midfield,800000.0,800000.0,727498.7298698763,72501.27013012371,9.062658766265464
Georginio Wijnaldum,Suudi_arabistan_pro_league,alettifaq,Midfield,2500000.0,2500000.0,2692932.56157886,192932.56157886004,7.717302463154402
M'Bala Nzola,Italya_serie_a,sassuolo,Attack,4500000.0,4500000.0,5595681.013192678,1095681.0131926779,24.348466959837285
Jonathan Amon,Danimarka_superliga,vejle,Attack,500000.0,500000.0,377814.25253008713,122185.74746991287,24.437149493982574
Matheus França,Brezilya_serie_a,vasco_da_gama,Midfield,7000000.0,7000000.0,11498676.053151803,4498676.053151803,64.26680075931147
Lucas Villalba,Brezilya_serie_a,cruzeiro,Defender,1800000.0,1800000.0,1516261.8582577785,283738.14174222155,15.763230096790085
Orkun Kökçü,Turkiye_trendyol_super_lig,besiktas_jk,Midfield,25000000.0,25000000.0,29932627.482815906,4932627.482815906,19.730509931263626
