Player_Name,Age,League,Position,Preferred_Foot,Minutes_Played,Pass_Accuracy_%,Key_Passes,Duels_Won,Tackles,xG,xA,Market_Value_Euros
Player_1,32,Bundesliga,Defender,Right,3020,70.82833797571328,33.55555555555556,37,11,4.285454642482851,1.5069303533919367,6935112.317116212
Player_2,31,Ligue 1,Goalkeeper,Right,1928,69.73423198418459,42.84444444444444,68,50,3.844845184517388,1.7560444129956916,7023312.189771773
Player_3,24,Serie A,FW,Right,2849,59.832942545935865,63.31111111111111,72,50,0.022258070790834642,3.1877352250406115,4221122.331226863
Player_4,19,Ligue 1,Goalkeeper,Right,2778,67.85585811888424,0.0,101,20,2.13476093786714,0.8339620149401775,5036103.421740888
Player_5,24,Ligue 1,Defender,Right,2254,51.99744974768845,0.0,65,28,0.45009570925982645,3.274299557941872,4949443.121831611
Player_6,23,La Liga,Defender,Right,1422,62.50199327517805,31.6,120,65,6.03483352187824,0.8268269127441732,
Player_7,34,Serie A,Goalkeeper,Right,2659,86.75069789528231,0.0,146,58,6.15748484164647,0.11405729169002982,7350284.554159734
Player_8,19,Serie A,Forward,Right,1536,62.805303579330385,34.13333333333333,77,66,1.625637536375059,1.6157143153242017,5054170.61988679
Player_9,20,Serie A,Midfielder,Right,1916,86.81930009367113,42.577777777777776,55,5,,1.7729897644650856,5417634.283356553
Player_10,22,Ligue 1,DF,Right,3047,73.9219759071994,67.71111111111111,76,53,1.0841276685735637,5.452639524319303,8078831.027179649
Player_11,22,Bundesliga,Forward,Left,3145,89.59382048125221,34.94444444444444,145,29,3.7827545350993983,2.589702030782507,9263833.833431605
Player_12,18,Serie A,Forward,Right,2781,75.86507994189868,61.8,15,14,1.3325930002485764,4.99653467507154,7995424.175444404
Player_13,25,Ligue 1,MD,Right,3149,51.33507003791329,0.0,33,20,0.935073901350609,4.779495731825312,7182106.583851226
Player_14,29,La Liga,DF,Right,813,80.39390933961901,18.066666666666666,103,62,1.6981222137803433,1.8555837860906386,4902767.106761154
Player_15,21,Bundesliga,DF,Left,3113,52.01841056106059,34.58888888888889,22,76,0.287839957609,1.500544643096543,2932304.579510043
Player_16,30,La Liga,Forward,Right,2756,70.27686585424104,30.622222222222224,34,33,4.1183959732750495,1.6303628317845202,7807956.791697094
Player_17,32,Bundesliga,FW,Right,2497,91.82420125129013,27.744444444444444,127,10,0.03802922553960893,7.663727471611615,6720771.309921028
Player_18,28,Ligue 1,MD,Right,1537,57.43417727020326,17.07777777777778,91,20,3.102564028747751,2.967088529318261,8620934.572439887
Player_19,27,Premier League,MD,Right,2156,67.54425588236948,23.955555555555556,120,24,0.6058511398287421,0.22469396140834827,2133470.6711514615
Player_20,20,Bundesliga,Defender,Right,3134,82.84371389818153,69.64444444444445,91,75,,3.0140190435454564,5204232.081068719
Player_21,31,La Liga,GK,Left,2278,89.70163502426814,75.93333333333334,75,47,3.028772787921703,0.3739560801641508,4417115.262046706
Player_22,33,Ligue 1,DF,Left,1514,80.19243521341286,33.644444444444446,54,30,14.861403756313042,1.1860627652626075,
Player_23,27,Bundesliga,Forward,Right,1593,61.61779643860261,0.0,123,75,4.511418403193154,0.4726087327678799,8239736.337557611
Player_24,27,Premier League,Defender,Right,1624,80.35735338122973,0.0,72,37,0.7679287000325739,2.3396778704902133,4491570.920539074
Player_25,29,Premier League,Goalkeeper,Left,1197,63.352743849684046,13.3,85,30,0.5808443761487967,4.1961845599802166,5567451.124203412
Player_26,26,Serie A,Midfielder,Right,2679,82.32931534184308,0.0,123,49,6.034964485924669,0.6860002731727087,10738447.002059711
Player_27,18,Serie A,GK,Right,1904,92.93149074132683,42.31111111111111,120,67,1.7619536431714358,0.17113917818522728,3814069.642942381
Player_28,22,La Liga,GK,Right,1655,82.46270529978298,0.0,44,71,0.44220532491373044,0.7090490813565526,2372357.0687271487
Player_29,25,Bundesliga,GK,Right,1543,88.82962263105856,0.0,62,56,5.946104465027373,2.231691010004243,12150847.707545303
Player_30,28,Bundesliga,MD,Right,2429,50.094672942914755,0.0,35,72,5.079964696165353,0.7972574417545527,9417204.486002583
Player_31,29,Serie A,Goalkeeper,Right,3083,82.29074561292174,34.25555555555555,23,30,12.38799407474544,0.6517710177622719,19733762.129880432
Player_32,18,Bundesliga,GK,Left,1513,87.33144005893627,0.0,127,79,7.215305192681113,0.4077487761582509,12230706.56517992
Player_33,28,Bundesliga,Goalkeeper,Left,726,51.82514318951066,24.2,54,6,5.7273821310617725,1.3763846597612517,10967457.85635391
Player_34,22,Premier League,FW,Right,2328,89.22189772797037,25.866666666666667,60,18,,0.6457864195063729,1888817.313021461
Player_35,32,Serie A,GK,Right,1992,61.55124027395206,22.133333333333333,128,34,0.3308356665711774,2.6261647455157453,2122418.2453725114
Player_36,22,Ligue 1,Midfielder,Both,1321,79.93814458901248,14.677777777777777,28,53,2.5248245919142462,0.15943405907460925,4946670.946945979
Player_37,29,Serie A,Goalkeeper,Left,2523,86.0159695560533,28.033333333333335,91,16,2.274524640180887,2.1814848733665166,6093271.833637847
Player_38,22,Ligue 1,Goalkeeper,Right,1370,79.819903087671,45.666666666666664,85,48,1.8372642297001347,0.542462962456081,4298359.307006283
Player_39,34,Premier League,Midfielder,Left,2952,54.15281564329658,65.6,101,37,1.5164662975533436,1.3438646745720348,1618564.1209020503
Player_40,34,La Liga,GK,Left,2749,76.83446834871657,61.08888888888889,42,17,,0.673996531588134,1213098.2844476597
Player_41,29,Bundesliga,Midfielder,Right,2585,74.73126455249647,28.72222222222222,37,30,2.527016071212581,2.565806033293021,6856330.1401118925
Player_42,32,Premier League,Goalkeeper,Right,2295,90.5144570633422,0.0,132,25,,5.812040568897765,4821394.613381788
Player_43,32,Bundesliga,Midfielder,Right,687,68.19078783398942,22.900000000000002,135,32,0.9061900639573118,4.979680306330147,5338965.402266115
Player_44,23,La Liga,Goalkeeper,Right,1580,64.44864936891726,70.22222222222223,46,52,2.191175000307596,1.7513833570985204,6038145.857559915
Player_45,29,La Liga,Goalkeeper,Right,1440,83.74328439964098,32.0,108,44,3.8427354027905194,1.242063510803386,7506166.614989164
Player_46,35,Premier League,FW,Left,2820,68.57038967375286,125.33333333333333,107,70,0.5740506710792461,3.410802214645945,1771878.221264814
Player_47,31,La Liga,Forward,Right,3130,79.07432787522784,34.77777777777778,136,77,2.3748026351286438,2.2997671410868006,5361971.093779765
Player_48,19,Ligue 1,Goalkeeper,Right,3063,79.09025405560732,0.0,89,27,3.7601161426397884,0.4056137857685678,7045787.99972825
Player_49,26,La Liga,GK,Right,1025,89.9617578962053,0.0,47,52,1.7643495106137903,3.4398365087162524,7086360.774636937
Player_50,22,Bundesliga,Defender,Right,835,76.94115810435937,9.277777777777779,86,6,0.08236375601914835,1.1203272388168564,2243872.872845579
Player_51,18,Bundesliga,MD,Left,3245,72.5969124482894,72.11111111111111,135,24,1.789521792826822,0.418939086226551,4103221.775466784
Player_52,20,Bundesliga,DF,Right,1578,56.24920968784326,35.06666666666667,96,63,1.0548271962075575,0.6620070159380367,3244247.810249373
Player_53,23,Bundesliga,Forward,Right,3047,55.20819230054174,33.855555555555554,63,50,7.962800757157417,0.6226576802694228,13566858.816005548
Player_54,22,Ligue 1,Forward,Right,3313,56.94447043773857,73.62222222222222,25,7,0.39926893581059836,1.464636804226306,3063540.2079422036
Player_55,22,Serie A,Forward,Right,3083,57.73318165971925,0.0,37,59,3.1707642707581716,0.5341127461875341,6290259.152324792
Player_56,18,Premier League,FW,Right,661,78.70446916986353,22.03333333333333,55,16,0.1624809368685844,0.26378886612343755,1507510.271426314
Player_57,34,Bundesliga,Goalkeeper,Right,1093,83.34415626235602,0.0,81,44,1.7726948671501948,0.26407268009131907,923114.9808166111
Player_58,31,La Liga,FW,Right,2438,73.84961853168885,108.35555555555555,94,70,2.4221710057188606,1.7506632397775221,4883919.748355813
Player_59,29,Bundesliga,Goalkeeper,Right,2706,87.3057979645471,60.13333333333333,35,20,1.0612730298412743,2.6542350426520667,4746144.587413978
Player_60,27,La Liga,GK,Right,559,94.60684520301349,12.422222222222222,94,38,1.8213248241635487,0.7758389012310876,4507826.137476411
Player_61,35,La Liga,FW,Right,2401,86.90056831037103,80.03333333333333,74,48,0.5357792090548944,0.07053056878492481,100000.0
Player_62,28,Bundesliga,FW,Left,2758,81.26970681541816,30.644444444444446,143,10,1.0877507373591777,0.2721547175512755,2903780.8235900425
Player_63,19,Ligue 1,MD,Right,905,73.96217147467159,10.055555555555555,124,68,2.9114989617563083,4.923034111114283,10290282.553748745
Player_64,35,La Liga,Defender,Right,1163,70.19838822536187,38.766666666666666,73,26,1.077749292955764,1.3606343152117095,477258.2546453555
Player_65,24,La Liga,FW,Right,1632,53.797657124504404,36.266666666666666,96,22,6.900057515627436,1.2087084183606558,12558794.69180181
Player_66,32,Bundesliga,MD,Right,1599,67.97159367776109,17.766666666666666,116,16,2.9698679870594877,0.07758390105521788,3532385.881644449
Player_67,28,La Liga,Midfielder,Right,1041,90.95605865519605,11.566666666666666,105,56,1.7322268005039403,2.608595906510413,6206936.107266324
Player_68,35,La Liga,Defender,Right,1837,86.36101834579489,40.82222222222222,86,55,0.11858391998761385,1.5018410861258873,100000.0
Player_69,29,Bundesliga,GK,Both,1497,59.72231142552592,0.0,96,75,2.0767327761777654,0.451496220686751,
Player_70,23,Bundesliga,FW,Right,1640,70.99735031137472,54.666666666666664,66,52,4.341654170058151,0.23323339259667358,7745714.6476839
Player_71,30,Premier League,DF,Right,1367,86.7525441151345,30.377777777777776,112,23,0.9259311132940986,0.9670301619983361,2355926.831939484
Player_72,33,Ligue 1,Forward,Right,2566,53.032304965348516,57.022222222222226,100,10,4.931677690500583,3.629998435072904,9527514.970823778
Player_73,35,Ligue 1,Midfielder,Both,931,67.43266635508967,0.0,54,31,0.8702820006408205,4.009329608813951,2814752.609775182
Player_74,27,La Liga,Midfielder,Right,1239,88.33285565932763,0.0,97,57,5.207494030810765,1.8468642439934817,10658105.29020963
Player_75,25,Ligue 1,GK,Right,1873,68.17540388765556,0.0,124,52,0.2673735787184706,2.600500703446613,4001561.0715243192
Player_76,35,La Liga,MD,Right,682,53.49265901291484,15.155555555555555,56,11,6.03386214410464,0.2446873608663428,6795480.577023303
Player_77,18,Premier League,Midfielder,Right,2660,74.41404658395132,29.555555555555557,144,63,,1.7740759212011792,5885922.24242605
Player_78,25,Bundesliga,Defender,Right,1706,88.77841227132329,37.91111111111111,59,73,1.0552225084538587,2.199019603548148,4781853.366228936
Player_79,23,Bundesliga,FW,Left,3028,76.5628494328922,0.0,93,15,0.9241166215159891,0.44807000436145933,
Player_80,22,Bundesliga,FW,Right,1669,60.18255986964043,55.63333333333333,100,19,1.6969573502997215,4.243107618326364,7788543.643775946
Player_81,32,Ligue 1,DF,Right,1330,67.29078290618216,14.777777777777779,143,68,20.875561202773927,0.43381789760573314,30747159.70176662
Player_82,32,Premier League,GK,Right,2151,70.25555125318695,71.69999999999999,100,7,0.7466435477650613,0.7522321504317424,872197.4720793343
Player_83,19,Ligue 1,Forward,Right,1636,76.0669859219237,54.53333333333333,146,73,0.32682291647700795,1.9381009757899819,3428335.3505054936
Player_84,18,Ligue 1,MD,Right,3310,84.17079615886759,36.77777777777778,118,27,2.6386845187283883,2.0341571315602653,6992183.909652847
Player_85,28,Premier League,Forward,Right,975,54.4493127938286,43.333333333333336,66,57,2.0114721611420867,2.403848082199726,6421056.323912856
Player_86,27,Premier League,Midfielder,Left,3310,90.03434148579049,73.55555555555556,40,41,2.2282495318513114,0.23759345293816897,4579967.7507151365
Player_87,35,Premier League,GK,Right,1826,50.5539366357234,40.577777777777776,30,13,3.298256599608755,3.7871117534577086,6234496.652870841
Player_88,35,Premier League,DF,Right,1470,66.65235506034148,32.666666666666664,99,19,0.9324184340047879,1.522197470025409,420825.121032591
Player_89,34,Bundesliga,Forward,Right,1519,51.2339139487696,16.877777777777776,49,7,7.246085636775245,1.2747506773081332,10143879.132471
Player_90,25,Serie A,Defender,Right,1641,67.68384014053811,18.233333333333334,121,74,1.716359260233018,7.936935355397217,11511474.245746743
Player_91,32,Serie A,FW,Right,2336,73.66156694929957,0.0,54,21,0.41463680446373896,2.697059391449072,2319014.5981446803
Player_92,25,Premier League,Midfielder,Right,660,73.02566239616803,14.666666666666666,86,30,4.067863010594775,0.2511401118009514,7352934.627693113
Player_93,34,Serie A,DF,Right,2948,57.45327561627194,0.0,96,25,,2.825598400858393,9999999999.0
Player_94,29,Serie A,Forward,Left,697,79.05832295430255,15.488888888888889,110,76,1.1382668674223069,0.20019087656592668,2407591.177699387
Player_95,25,Premier League,MD,Left,1783,52.01503027271007,39.62222222222222,126,25,2.9147660291238915,0.05570986807626603,5427858.911762103
Player_96,31,Serie A,Defender,Right,1159,84.2858069059587,12.877777777777778,101,15,0.7448531878299168,1.0337742326663086,1651054.0144111835
Player_97,21,Ligue 1,Defender,Right,2275,92.59899952970957,50.55555555555556,37,42,,10.096105188349979,
Player_98,18,La Liga,Forward,Right,1570,65.2895972218003,34.888888888888886,34,76,6.890182511665316,0.3844624382845422,11719736.205782516
Player_99,18,La Liga,FW,Right,2510,73.27577217714494,55.77777777777778,67,39,0.4299980340160663,2.2334161293121766,3878413.180336276
Player_100,33,Premier League,Forward,Right,898,67.05096251264665,29.933333333333334,50,18,1.4666858339653355,0.38085923582081704,
Player_101,31,Bundesliga,Midfielder,Right,2233,50.301967563682695,24.81111111111111,143,18,5.163496376047771,2.580419689353236,9825664.25342489
Player_102,33,Premier League,Forward,Right,2082,67.36435263028022,69.4,84,14,10.469190779249885,1.4078245061307648,15611610.675005592
Player_103,22,Bundesliga,Defender,Right,2625,85.6274116667606,58.333333333333336,47,16,1.8150030933244707,2.2786917622504865,6001196.402237193
Player_104,26,La Liga,DF,Right,2671,76.81949789825669,0.0,143,42,2.121736003318303,0.45348297203684734,4636086.977014301
Player_105,19,Premier League,Forward,Right,574,54.556696157682154,12.755555555555556,84,38,2.5471018320123555,2.7379176473775844,7558570.395396117
Player_106,35,Ligue 1,FW,Right,2684,88.12127703622033,59.644444444444446,75,45,8.080141363306012,10.860983759251862,20481195.80421088
Player_107,23,Serie A,GK,Right,1101,73.89884051983593,24.466666666666665,12,14,5.8601566717958224,2.191136855588702,11981371.863282437
Player_108,26,Bundesliga,DF,Right,1336,87.87755127851042,0.0,126,21,0.5611622613504418,1.3603829311901943,3202126.323215857
Player_109,18,Serie A,MD,Right,2028,76.10996834532632,0.0,108,21,1.7221367389631763,5.132424012635298,8715629.121080061
Player_110,26,Serie A,Goalkeeper,Left,999,75.1859800177073,11.1,28,71,1.8708657503567512,0.0319576528528163,3838256.2783879433
Player_111,33,Premier League,Forward,Right,2096,54.73666333386556,0.0,125,66,4.669058264173604,2.61810019638095,8121687.5926413555
Player_112,30,Serie A,FW,Right,637,57.531187991238255,14.155555555555555,134,5,2.770647652722796,4.391888097774321,8547859.576858515
Player_113,26,Ligue 1,DF,Right,2597,93.7411365423466,115.42222222222222,97,16,3.185861641499912,0.12731692872702843,5906109.3909768965
Player_114,30,Serie A,FW,Right,2294,60.281903603964686,76.46666666666667,44,8,18.959751955549663,1.195907362091395,29635535.29541589
Player_115,26,Premier League,MD,Right,1472,93.98534530956655,49.06666666666666,10,46,0.23375503846202525,0.45812067692992386,1808753.2346229618
Player_116,28,Ligue 1,Defender,Right,2142,73.93607179359185,23.8,135,17,0.7569827147849071,1.6718107762195071,3807284.848396868
Player_117,21,La Liga,FW,Left,2385,56.11050711787717,53.0,98,8,1.5722186342367044,2.0970342875910757,5455362.238946132
Player_118,19,Serie A,DF,Left,2801,54.468599123916185,93.36666666666667,34,73,1.2821311052352804,0.7208587744656472,
Player_119,23,Premier League,FW,Right,2528,59.3988831817583,28.08888888888889,25,23,0.06564978867579195,1.2323043899187656,2330779.0729324534
Player_120,31,La Liga,FW,Right,3257,91.65367985114011,72.37777777777778,82,6,0.2887980107299649,0.6551742118979798,588371.227992927
Player_121,21,La Liga,FW,Right,2400,68.63676009477021,53.333333333333336,138,16,3.427253294950723,0.9221390412780718,7063018.983704156
Player_122,23,Bundesliga,Midfielder,Right,3110,67.79454205968115,103.66666666666667,51,78,6.343949551442947,0.347611732905144,
Player_123,23,Ligue 1,Midfielder,Left,3304,64.09428174815783,36.71111111111111,89,10,2.1660415967333875,4.335399497500212,8584461.892600294
Player_124,19,Serie A,Defender,Right,1949,56.61778327549648,21.655555555555555,113,12,2.3243154332803795,0.020121703250182792,4506594.8531707525
Player_125,35,Premier League,Forward,Right,1046,71.95330387365829,23.244444444444444,43,55,0.8834894449958848,4.281088725174871,3106322.892668698
Player_126,30,Bundesliga,FW,Right,1421,55.85215021300124,15.78888888888889,98,15,4.381455401678584,1.6957641609865284,8267947.263504405
Player_127,26,Ligue 1,MD,Right,1080,87.59661063720475,48.0,134,67,4.180495796712331,0.8059100545281278,8076653.749596625
Player_128,30,Bundesliga,Forward,Right,1872,66.66786438238879,20.8,54,61,2.6628597569008567,2.567888046323213,6562177.681674499
Player_129,28,Ligue 1,MD,Right,2456,66.86616055018084,81.86666666666666,143,16,0.7173016435147465,1.4175458659115543,3493498.331183674
Player_130,18,Ligue 1,Forward,Right,2503,71.33028928174201,55.62222222222222,30,77,,1.3827321677399689,2841970.222255928
Player_131,24,Serie A,Defender,Left,2596,69.98574709245882,0.0,131,6,0.1991841711913365,0.23338739496910188,1532163.6517561069
Player_132,32,Ligue 1,FW,Left,1203,94.76860878766948,13.366666666666667,79,12,2.6945868216737363,0.9870064726015174,4028886.705112121
Player_133,18,Bundesliga,FW,Right,2808,74.54215045482361,31.2,105,15,5.229513447302713,0.5516765646602869,9395946.735614356
Player_134,29,Ligue 1,Goalkeeper,Right,2903,53.96907667054418,64.5111111111111,114,57,5.862773752167483,0.03164078128887403,9325801.409540098
Player_135,24,Serie A,MD,Right,2125,77.30948037096185,94.44444444444444,57,14,1.868748843560935,0.8928855756875715,4696008.841028974
Player_136,32,Serie A,Forward,Right,1137,56.8212931791446,25.266666666666666,48,12,4.60120102816555,0.18823047280363445,6090032.01505196
Player_137,150,Bundesliga,Forward,Right,3290,51.39219401291039,36.55555555555556,40,40,8.805616409999093,0.5936610180893844,14802085.633088022
Player_138,34,La Liga,GK,Right,1509,93.68339691547617,16.766666666666666,19,18,0.965454868721463,0.19416005672826292,100000.0
Player_139,34,La Liga,GK,Right,1140,84.80925011905538,50.666666666666664,39,58,1.5222958981296877,0.21281462795656234,496258.4751510937
Player_140,20,Ligue 1,Midfielder,Right,3339,94.10490465861952,74.2,27,25,8.041844709927435,0.4438168648133656,
Player_141,29,Premier League,Goalkeeper,Right,3159,71.50453016100091,175.5,97,54,1.2385160314531753,17.59970229713253,19957476.34431229
Player_142,23,Ligue 1,DF,Right,2361,73.95158890170393,78.7,134,43,7.355911595178748,0.004373063152190315,12038240.455920313
Player_143,28,Bundesliga,GK,Left,3356,57.57516301636086,0.0,82,24,,2.0359418128311004,20881502.996619202
Player_144,20,Bundesliga,DF,Left,1705,61.11083420004135,94.72222222222221,24,11,3.2524486967835795,0.304540193859845,6183213.239035214
Player_145,25,Bundesliga,Midfielder,Right,1185,87.73471467062727,13.166666666666666,13,13,5.0930093846082105,5.067222680332392,13706736.757244708
Player_146,31,Bundesliga,Midfielder,Left,2351,66.02835412029174,0.0,18,5,4.153434804299754,0.1966217200249745,5926773.926474605
Player_147,31,Bundesliga,Midfielder,Right,687,87.20667382083886,7.633333333333334,118,30,3.6072646006618028,6.2049958686535875,11115892.769646293
Player_148,27,Serie A,MD,Left,2119,81.90561759291643,47.08888888888889,146,42,1.0998774688520587,1.8879734360108842,4537789.639288972
Player_149,19,La Liga,MD,Left,2187,57.97269163723395,24.3,141,42,0.1763671246570143,0.0025377632107328363,1267088.4501962543
Player_150,31,Bundesliga,Defender,Right,1484,72.8350864753884,32.977777777777774,25,65,1.2604500123440874,4.4887681841024785,5879443.202618609
Player_151,26,Premier League,Defender,Right,1047,80.48242946834226,11.633333333333333,108,48,3.2982617125556413,1.4750836043338231,7422476.173167285
Player_152,20,Premier League,Midfielder,Right,3272,60.57667466617213,0.0,130,48,0.3245240759797635,0.6094387337146056,2096224.8476842507
Player_153,25,Premier League,Goalkeeper,Right,1931,87.38098297340346,21.455555555555556,61,78,0.035968714499267015,2.91583146115693,3969784.53290583
Player_154,33,Premier League,Forward,Right,1375,74.5172445895334,61.111111111111114,78,66,0.45139574226170454,5.225449694286118,4402543.307678674
Player_155,19,Serie A,MD,Right,1117,57.43589226991715,24.822222222222223,14,10,3.7735549088084035,1.3220990259782652,7982431.38919087
Player_156,23,Premier League,Goalkeeper,Right,2961,76.23429917740711,32.9,29,21,10.812920327210783,0.7582895184180991,17977670.009234276
Player_157,29,Bundesliga,FW,Left,1865,94.98712118701613,20.72222222222222,88,55,12.235065165999822,3.1112742063644374,21963871.95536417
Player_158,22,Ligue 1,MD,Both,1743,56.77346712485361,58.1,120,42,2.0435322099325077,2.2900591766843643,6355357.491583126
Player_159,19,Premier League,MD,Right,1402,86.75406185537877,15.577777777777778,11,28,6.105752697156995,4.391995368060316,14550624.41379581
Player_160,33,Serie A,Defender,Right,662,59.32890514344011,14.71111111111111,102,55,4.004824801068647,2.358651525458011,6865888.727060981
Player_161,22,Serie A,Forward,Right,2474,85.20747482570393,82.46666666666667,22,14,2.085689465164501,0.5581804139934934,4686714.611740245
Player_162,32,Premier League,Forward,Right,769,83.05600654046358,0.0,13,76,,5.366498108579948,8193345.854473922
Player_163,29,Ligue 1,GK,Left,1131,63.522022352019455,0.0,118,25,0.4428114850701916,0.2214961097412753,1385713.3373465627
Player_164,21,Premier League,DF,Right,1405,64.66204029040024,0.0,83,74,8.325526304289923,0.6237931156850799,14112082.572119964
Player_165,32,Serie A,DF,Right,2514,85.66346263833137,55.86666666666667,104,61,1.3012686300061298,1.4687493800967546,2420652.3251059493
Player_166,28,La Liga,DF,Right,2141,70.76504803492907,23.788888888888888,114,43,1.7725801335645925,1.6682330229969693,5327103.2233438585
Player_167,33,Bundesliga,DF,Right,704,82.8868112920314,15.644444444444444,17,37,3.341118976945882,0.03085800781040179,3542536.473229225
Player_168,23,Serie A,FW,Right,1081,56.659286631462564,0.0,76,63,1.2189575400407853,3.0334688525833924,5861905.162644571
Player_169,31,Premier League,FW,Left,2079,88.3651001855699,46.2,119,22,0.8801314197763825,0.8976033932223303,1717800.522886904
Player_170,35,Bundesliga,MD,Right,1340,81.98981225070436,14.88888888888889,18,60,2.99127750300642,1.043161644917321,3030077.899426951
Player_171,29,Premier League,Midfielder,Right,2336,90.81242639756752,0.0,126,61,0.07590444675835668,3.314837025365634,
Player_172,28,Premier League,Defender,Right,1751,55.956757056573764,19.455555555555556,20,52,3.826676161977713,0.953761297188334,7693775.540154903
Player_173,30,La Liga,Defender,Left,2219,76.6856525162269,73.96666666666667,108,46,2.164784227210434,0.09675274022698967,3343929.081042641
Player_174,28,Bundesliga,DF,Left,2142,76.96042632681463,47.6,51,31,2.7923385465209694,0.38823718713881905,5576745.006920273
Player_175,33,Bundesliga,MD,Right,3143,65.90573332460521,69.84444444444445,129,78,2.9980402188198356,6.242734870713669,9239795.198943421
Player_176,32,La Liga,GK,Right,2797,70.6309891056166,0.0,21,56,,0.14601332281282894,2515460.0312536703
Player_177,32,Serie A,Goalkeeper,Right,1374,51.70917034804341,76.33333333333334,46,46,2.6206549260414094,0.8767966054176451,3807778.9944797596
Player_178,21,Premier League,Midfielder,Right,1964,83.56370173821554,21.822222222222223,83,36,3.454029118692526,1.3990516299308073,7580095.307969596
Player_179,28,Ligue 1,MD,Left,2743,74.71951157314282,30.477777777777778,82,30,,1.3595966578526528,8654413.651546294
Player_180,32,Premier League,Midfielder,Right,1189,52.59834733411282,39.63333333333333,61,29,3.8998259077871524,0.007935608693921627,4857674.47037465
Player_181,21,Premier League,Midfielder,Right,2510,80.63401518322185,55.77777777777778,139,79,6.111824541173762,1.3909507031259947,11558687.514886638
Player_182,30,Serie A,Midfielder,Right,3186,71.00519347540346,70.8,65,27,0.6301024431833704,0.9682779945093363,1913431.659284392
Player_183,19,Premier League,MD,Right,1922,51.550756674125,21.355555555555554,69,61,1.5382222167456916,7.156776400633326,10464109.725751864
Player_184,31,La Liga,DF,Right,2501,93.63234770816429,27.788888888888888,32,56,8.857792269676581,0.34670559483629165,13133393.999351162
Player_185,21,La Liga,Defender,Right,1171,92.71004643902482,65.05555555555556,112,35,1.5154779946234362,0.8743889967315677,
Player_186,33,Bundesliga,Defender,Right,1671,73.0806087266239,18.566666666666666,49,68,0.4001487603330701,1.0876671671787446,187890.30767834978
Player_187,31,Ligue 1,DF,Right,1995,54.21525893176596,0.0,73,75,2.2361340673161947,0.9908678293907938,3845068.9303650856
Player_188,32,Premier League,Midfielder,Right,1443,83.95795497193663,16.033333333333335,94,37,0.34788611640539147,2.1922158203979376,1714044.9950060248
Player_189,20,Premier League,Goalkeeper,Right,2746,72.1368995047578,91.53333333333333,98,6,0.6801494250626146,0.48545019284852464,2505674.3304424463
Player_190,25,Serie A,Forward,Right,1949,63.61013652302209,64.96666666666667,40,22,,0.4996721789322319,30246669.48242096
Player_191,33,La Liga,MD,Right,3039,72.11381798878506,67.53333333333333,29,51,2.3384863291504834,2.61283033794257,4620559.831668295
Player_192,27,Ligue 1,Forward,Right,1395,73.5099865432459,15.5,139,37,1.002469992857801,1.3874567735678496,3891161.762854551
Player_193,21,Bundesliga,GK,Right,2689,75.32202645600526,239.0222222222222,22,39,15.762875361539361,1.072819160166171,25717132.202475213
Player_194,35,La Liga,DF,Right,1836,69.85506711448969,0.0,131,55,10.193910454291201,0.37073972033218555,13161605.401768986
Player_195,19,Bundesliga,Goalkeeper,Right,664,77.25898864125755,14.755555555555556,112,22,1.743417249201646,0.41534574092444054,4030471.6147269094
Player_196,34,Serie A,MD,Right,2861,91.34306197728698,127.15555555555555,115,76,0.9049499484444491,0.021215400114050417,100000.0
Player_197,30,Serie A,DF,Left,2568,66.3020639194366,0.0,128,34,,0.19175847486958023,8393588.495030632
Player_198,21,Premier League,Midfielder,Right,1605,82.6572408448977,0.0,79,48,3.772339284576675,1.6276429097493352,8286151.836614348
Player_199,28,Ligue 1,Defender,Right,2253,90.25036505709045,25.033333333333335,108,57,3.4840949919889033,4.448900038319473,10675042.52630283
Player_200,24,Bundesliga,Forward,Right,2852,70.51906740919716,0.0,91,14,6.7079700387672165,0.6770099448244402,11738965.002975265
Player_201,29,La Liga,FW,Right,2438,69.95551263718568,54.17777777777778,84,56,3.5079136007195215,0.794241714492215,6556112.115571497
Player_202,27,Serie A,FW,Right,870,77.09526434096509,0.0,127,53,1.0013788481315333,0.24570434798798804,2747772.620185288
Player_203,24,Premier League,Goalkeeper,Right,2380,76.61330417401197,26.444444444444443,93,15,3.5511692807214623,0.9841089702914827,7310862.891373675
Player_204,30,Premier League,Midfielder,Right,1352,86.29652040468247,30.044444444444444,78,70,1.0950439165300405,0.07586423300555499,1718430.1078006155
Player_205,24,Bundesliga,GK,Right,883,71.44175227002317,9.811111111111112,68,62,4.271851362908164,4.992356583765506,12400133.628127752
Player_206,34,Serie A,Forward,Right,2431,94.82553273377485,81.03333333333333,135,40,2.900762116487722,2.236271360430556,4587414.53516214
Player_207,27,Ligue 1,Midfielder,Left,2992,52.67622059902764,99.73333333333335,120,37,0.24171608716859477,9.366006042988321,10728580.173741214
Player_208,27,Serie A,Forward,Right,924,50.14255318613158,20.533333333333335,71,51,2.157459444647033,4.288142110293793,8524331.277264342
Player_209,21,Bundesliga,Goalkeeper,Right,2708,78.80892402018307,30.08888888888889,137,17,1.261588384931949,1.2810737636599066,4173456.34105783
Player_210,21,Bundesliga,Goalkeeper,Right,1128,63.42957105628445,25.066666666666666,114,44,1.1950393651430253,1.4666264103442608,4259185.458058799
Player_211,24,Serie A,GK,Right,1394,60.81720749147677,61.955555555555556,77,72,2.7658423708843394,0.42286490571140345,5571628.462037912
Player_212,18,Bundesliga,FW,Right,3037,64.03545860019263,33.74444444444445,24,46,1.1672615939425288,1.2399396988977924,3990832.0898115854
Player_213,29,Serie A,Midfielder,Right,2874,61.522140429722945,63.86666666666667,44,23,4.5003214666399085,4.666663394738562,11917145.594698425
Player_214,30,La Liga,MD,Right,1097,51.38555223472015,24.377777777777776,23,23,0.22026618483009597,0.10438407761327266,434783.3548584166
Player_215,27,Serie A,FW,Left,2836,93.7189869075765,94.53333333333333,111,62,3.2398566980077153,3.9836937802976338,9843478.827309206
Player_216,32,Serie A,Midfielder,Left,1092,59.933546980375176,0.0,109,27,4.969506857506052,0.833905078366773,7288165.364625851
Player_217,30,Bundesliga,FW,Right,2187,83.03133931651878,0.0,16,58,3.3518415923371263,4.595449150867775,9623211.539373465
Player_218,26,Bundesliga,MD,Right,1072,84.31683776123788,35.733333333333334,39,69,2.062862606485671,5.65636883626621,9750662.745994717
Player_219,26,Premier League,Defender,Right,2575,91.81658291032531,28.61111111111111,58,16,9.005674431871384,2.222573869432115,16731085.51723919
Player_220,32,Premier League,Defender,Right,2590,51.3747255692021,0.0,120,28,1.0697612282465205,2.1838123694199387,2788454.2117897198
Player_221,27,La Liga,GK,Right,2204,89.24217523011535,24.488888888888887,81,38,0.05806191969583513,1.205714937971235,9999999999.0
Player_222,27,Premier League,Defender,Left,2970,73.725178137791,165.0,89,57,1.696845444671415,3.6101785295593145,
Player_223,25,Serie A,Defender,Right,676,78.46448494846226,15.022222222222222,92,12,0.10070738049549907,6.520060250925508,7671121.321668757
Player_224,33,Bundesliga,DF,Both,1028,79.00116247044652,11.422222222222222,51,22,9.233219645359245,2.9840369998867198,9999999999.0
Player_225,34,Premier League,Forward,Right,2133,86.89090122431274,47.4,26,61,0.7068557980266521,1.945387452707036,1005671.149747014
Player_226,22,Premier League,DF,Right,1465,65.00332949715997,16.27777777777778,16,9,4.666654041717003,1.8668376465531125,9866818.709128616
Player_227,21,La Liga,DF,Right,2017,82.98730354369971,22.41111111111111,19,30,4.469264491353461,3.787184450622219,11491081.187652411
Player_228,35,La Liga,GK,Left,697,73.78601493749886,15.488888888888889,43,34,0.7366617687529634,1.5582982032635766,163290.856393022
Player_229,21,Serie A,DF,Right,3157,85.70273064374065,105.23333333333332,45,58,2.91245087504827,3.2578520181384607,8626528.330710866
Player_230,24,Bundesliga,Defender,Left,3389,94.57457147465601,37.65555555555556,15,17,0.14781959316638948,1.422154964615034,2643884.354364618
Player_231,27,La Liga,MD,Right,1352,59.02929578316925,0.0,143,33,1.9824732205782585,0.12895816575249072,4102667.9966198783
Player_232,35,Premier League,GK,Right,2037,94.7591888701999,0.0,38,7,0.044266366623315664,0.9688445892845429,100000.0
Player_233,21,Bundesliga,GK,Left,2569,54.04154694272483,114.17777777777778,135,62,7.620391065456857,1.1755607774610237,13606147.37564631
Player_234,27,Bundesliga,Goalkeeper,Right,1580,50.10428965571663,0.0,90,6,11.199876688280614,0.3054103551072583,18105225.38752818
Player_235,18,Premier League,GK,Right,3389,51.98728712800241,37.65555555555556,84,79,0.7541768223955616,0.216276137176386,2347541.3707697284
Player_236,35,La Liga,Goalkeeper,Right,597,65.38020821315428,19.900000000000002,35,32,,1.5334365307107647,100000.0
Player_237,22,Premier League,GK,Both,2403,78.48078488052954,53.4,136,6,4.20386068756685,0.1779764117439072,7483767.443094183
Player_238,32,Bundesliga,Forward,Left,934,53.106329339953234,0.0,124,11,0.8765943586952497,0.7217824051570205,1036673.9431998953
Player_239,34,Ligue 1,Defender,Right,1136,50.25496165383053,12.622222222222222,135,30,6.763572988942331,2.7298249901172684,10875184.473530764
Player_240,20,Ligue 1,GK,Right,1087,92.16909628064576,12.077777777777778,37,20,2.5594487982532996,6.672627940710992,11511801.138090942
Player_241,29,Serie A,Defender,Left,843,86.98669861729684,28.1,140,27,1.295939926124708,2.5307787582182018,4974688.647405264
Player_242,19,Premier League,Defender,Right,1817,86.4132427012564,0.0,84,44,5.363787875483871,9.819467492024907,18865149.30525071
Player_243,18,Premier League,FW,Right,2479,89.79909239758896,0.0,87,64,2.0401403032273397,2.3968959969507355,6457106.451791745
Player_244,34,Serie A,GK,Left,1070,81.5015422747447,0.0,99,77,7.278767117065223,0.6956979316043455,9613848.60720218
Player_245,33,Serie A,Midfielder,Right,1110,54.69818583866366,0.0,30,36,7.8938607356106445,2.2298037357929243,12570594.83920889
Player_246,22,Serie A,FW,Right,2227,67.95950846331753,24.744444444444444,63,19,0.5424805709057885,2.4223759772027305,4236096.833561413
Player_247,32,Bundesliga,Midfielder,Right,2790,82.54172689090834,0.0,112,17,0.00697832828401619,0.9295609382263796,100000.0
Player_248,20,Premier League,Defender,Left,2354,62.61505073561844,52.31111111111111,68,9,12.392578811681446,0.035745237166686136,19624613.45468886
Player_249,24,Bundesliga,Defender,Both,3108,80.93328638613069,69.06666666666666,81,79,7.097774155362334,2.429392085078396,14076053.318121897
Player_250,28,Serie A,FW,Left,1459,51.10243017204436,32.422222222222224,29,78,0.17112483422058672,0.04387800981527795,1300565.261146158
Player_251,27,Premier League,FW,Right,2579,63.77618033958169,57.31111111111111,121,56,5.369899982748368,1.9949369230417129,11049786.897164265
Player_252,26,Bundesliga,Midfielder,Left,2938,74.71086513247278,97.93333333333334,68,45,1.8363883177942681,0.35733605113146794,4111918.52782287
Player_253,31,Bundesliga,Goalkeeper,Left,2824,78.4440423277809,62.75555555555555,80,57,0.8991085198422,1.6675952627246744,2516258.0424879743
Player_254,30,Serie A,Midfielder,Right,1031,75.966829900786,11.455555555555556,146,54,6.329616236609425,1.4020080311486844,10896432.386062823
Player_255,19,Premier League,FW,Left,1677,81.39903242330433,0.0,118,19,,0.027211565225478688,2012649.6694628994
Player_256,20,Serie A,MD,Right,2930,50.273993670792755,97.66666666666667,138,11,8.829419437291193,0.9015499944677778,15145679.150404569
Player_257,24,Premier League,FW,Right,1591,54.54235399898847,17.677777777777777,65,44,0.6905856467518473,1.83804475583014,3873923.225957911
Player_258,35,Ligue 1,MD,Right,2401,89.10249135256153,26.677777777777777,44,32,2.8532924669246205,3.7757464286729268,5555685.129059857
Player_259,20,La Liga,Forward,Right,1383,80.67868898405726,15.366666666666667,132,36,0.757278142313582,4.3900121291702865,6525929.34264066
Player_260,27,La Liga,FW,Right,2761,55.08192392087051,61.355555555555554,140,19,2.3667856028407934,1.3227156000245368,5872894.004285727
Player_261,24,La Liga,Forward,Right,2178,87.89334968293606,0.0,113,74,3.455803097075826,2.6070153647573044,8790720.010371044
Player_262,26,Serie A,Goalkeeper,Right,2923,60.90040480210551,0.0,16,69,0.6330074009676021,0.7609243357394053,2710435.4371908084
Player_263,34,Ligue 1,Midfielder,Right,3291,71.52169478878506,109.70000000000002,36,8,,0.8376673584358942,2148840.530771927
Player_264,28,Premier League,MD,Right,2760,56.533843079809714,61.333333333333336,10,15,1.8993173311379996,0.43249357546985756,4281469.572176857
Player_265,24,Bundesliga,Midfielder,Right,2626,81.9549525389768,87.53333333333333,96,30,0.22106046708311214,1.6508358105753536,2982426.511200022
Player_266,31,Premier League,Forward,Right,2249,80.00844894564204,24.988888888888887,50,65,5.116323989058464,0.7554007340784575,7929886.717666155
Player_267,21,Bundesliga,MD,Left,3175,59.50006120247613,70.55555555555556,132,41,1.2269847947270514,0.1762878101627215,9999999999.0
Player_268,23,Premier League,Midfielder,Right,3151,88.85303450856509,175.05555555555557,84,27,2.5640505850963367,2.310403926166881,7156479.803811386
Player_269,27,Ligue 1,FW,Right,1281,68.05877108988705,71.16666666666666,51,44,2.169484831638915,2.4603133084866142,
Player_270,24,Bundesliga,Defender,Left,3227,63.16317909818338,0.0,126,27,2.1600786480033123,0.8925505140817133,5132668.4860866815
Player_271,30,Serie A,Forward,Right,2605,56.854831525904096,28.944444444444443,72,20,0.3402533123655084,0.15965282762153046,670032.796169793
Player_272,31,Premier League,Midfielder,Right,1380,61.977560563199184,30.666666666666668,136,65,1.6522461987212953,1.1112893773073365,
Player_273,21,Premier League,Forward,Right,946,50.99121145507176,31.53333333333333,142,72,1.8064484541584176,1.1679953533660437,4877668.03460367
Player_274,25,Bundesliga,DF,Left,2613,76.2465871605252,58.06666666666667,57,35,3.9687514962792854,2.2092861843097467,9162413.428728675
Player_275,22,Serie A,Forward,Right,2283,87.90038358547766,76.1,12,57,5.498097510539417,0.7578889919973836,10005035.25780651
Player_276,18,Serie A,MD,Left,1777,74.70412022487389,19.744444444444444,125,29,2.3622567346768752,2.295180403544764,6838565.505560077
Player_277,21,Ligue 1,DF,Right,2491,59.867328286574406,27.677777777777777,108,48,0.2723450950296854,4.103474418837992,5511992.06138252
Player_278,20,Serie A,GK,Left,1567,51.51511301962427,17.41111111111111,125,16,0.8108999427389791,0.5422689311387047,2758618.845247173
Player_279,26,Serie A,MD,Left,2077,59.658263296646126,69.23333333333333,23,13,0.5407336424855392,7.718818997199838,9529919.460928146
Player_280,25,Serie A,Defender,Both,1511,68.72546426319916,16.788888888888888,121,16,0.399274684741564,0.9767202050682908,2575632.232180637
Player_281,18,La Liga,DF,Right,2774,84.18251429149083,30.822222222222223,70,73,1.366642506510501,0.6219251045442189,3671888.8643099703
Player_282,23,Ligue 1,GK,Left,1273,58.452928364199835,14.144444444444444,104,58,0.7817322439068761,1.0946721254344844,
Player_283,26,Premier League,FW,Right,3226,82.39061540096088,0.0,26,58,0.7388646737686677,0.19830956865693347,
Player_284,24,Bundesliga,Forward,Right,2314,89.01200607583476,25.711111111111112,133,32,0.16873716359529792,0.2686769370444714,1521782.6824374185
Player_285,21,Premier League,Midfielder,Right,3148,70.42760816487606,209.86666666666665,33,60,0.053484071402461454,1.070352916680045,2150579.023783737
Player_286,30,Ligue 1,Goalkeeper,Left,2926,86.96443962391669,130.04444444444445,125,73,0.325323242690188,2.874708181900796,3362693.045936078
Player_287,34,Bundesliga,Forward,Both,1701,74.95958066157931,56.699999999999996,91,62,0.5669419642868972,4.611424747174971,3461837.693605317
Player_288,19,Ligue 1,GK,Left,1950,78.66908766864073,65.0,59,79,1.6915387476474395,2.1861631668050014,5723471.28827616
Player_289,22,Serie A,Forward,Right,3256,73.68253071521912,36.17777777777778,88,46,2.14323662908282,0.2223538078334783,4437208.751457708
Player_290,29,Bundesliga,Defender,Right,806,70.84277225381038,26.866666666666667,88,42,0.45453421095502633,2.229603845927085,3411405.162359624
Player_291,25,Serie A,FW,Right,1278,60.55940487991322,14.2,79,72,1.6590255354175185,2.018061997337443,5506600.300463721
Player_292,23,Premier League,Goalkeeper,Right,3051,63.643732675747074,169.5,36,57,1.254506165677141,3.277361887494377,6159121.136010088
Player_293,25,Premier League,DF,Right,2815,63.048655352462404,31.27777777777778,24,37,0.6079045623041094,3.488782535733775,5400639.379189939
Player_294,35,Bundesliga,DF,Right,507,75.34800189292166,11.266666666666667,59,75,0.020592759967885173,4.05298598780119,1583875.1277530175
Player_295,20,Bundesliga,DF,Right,3055,55.397916186075044,101.83333333333333,45,60,1.887802128170439,1.0693198844043037,4901023.076659963
Player_296,29,Ligue 1,GK,Right,975,91.25562608160507,0.0,17,76,3.471761486622392,2.3937586807494338,8101400.910683021
Player_297,20,Ligue 1,MD,Right,1820,82.42948153774009,40.44444444444444,88,55,0.7696253473472778,0.6246336878176154,2779071.708838532
Player_298,23,Serie A,MD,Right,2711,68.06505339109371,120.4888888888889,140,78,0.4240231286386116,14.635300318632487,16271335.011590404
Player_299,19,Bundesliga,Midfielder,Right,984,57.138086503687006,21.866666666666667,56,47,6.542237403821608,0.3855542316042605,11198910.337336674
Player_300,29,Premier League,Goalkeeper,Both,3114,89.68964763747361,0.0,114,19,0.9648533809797621,0.020331860140906606,1967611.9316105498
Player_301,19,Ligue 1,DF,Right,1404,87.07001405455244,15.6,107,42,0.7593110461809665,0.32223679673590894,2461203.3660073588
Player_302,23,Ligue 1,MD,Right,1058,82.47746987227308,11.755555555555556,105,19,5.836766333909831,2.9910785072582735,12746228.00812302
Player_303,34,Premier League,GK,Right,2467,62.219617133505906,27.41111111111111,125,9,5.096563616429107,1.1840123444605755,6828857.769104235
Player_304,20,Ligue 1,Midfielder,Right,2785,68.1100986845151,92.83333333333333,22,58,1.7845052812873559,1.1866045882319838,4863362.510163018
Player_305,19,Serie A,FW,Left,1627,54.623671360359054,18.07777777777778,10,55,2.0155597117664574,6.203204487330895,10226544.054980582
Player_306,25,Bundesliga,Midfielder,Left,1733,58.50677861273893,38.51111111111111,43,14,0.7367377222240548,5.042350753068133,7147457.336404216
Player_307,29,Premier League,MD,Right,3101,85.23574867925298,68.91111111111111,88,16,0.24461190112148826,0.7455933724808724,1612511.2241631048
Player_308,21,Bundesliga,Defender,Right,3375,82.17674234828077,75.0,87,8,2.555949234185174,0.4690616032553795,5302985.454533141
Player_309,22,Ligue 1,GK,Left,967,76.70685933391707,21.488888888888887,130,22,0.3105696854794645,3.7741044694933827,5239958.99771258
Player_310,30,Ligue 1,Defender,Left,2933,90.30770266667778,0.0,102,40,1.789556593037659,4.729326801492873,7413661.691049362
Player_311,32,Premier League,DF,Right,3322,76.24699330158704,73.82222222222222,107,29,8.465195651172046,1.5600128013727057,13257806.278130773
Player_312,150,Serie A,Defender,Right,1347,71.01355999836248,74.83333333333333,91,40,9.162270708178738,1.9853918950521257,14228797.957320234
Player_313,27,La Liga,DF,Right,2934,65.31668358375933,0.0,47,71,0.8206759832590462,0.5938877542249474,2824901.7291135173
Player_314,33,Premier League,DF,Both,758,92.32018275812777,8.422222222222222,23,13,2.935403490465187,3.2269188555815553,6130024.091279335
Player_315,29,La Liga,MD,Right,782,53.72219576859591,8.688888888888888,145,65,1.9277971966635825,2.000010164336503,5391705.959331877
Player_316,34,La Liga,Defender,Left,2149,91.88993174273638,47.75555555555555,100,57,6.254812914826156,1.400398017909598,8782617.390148832
Player_317,33,Serie A,DF,Right,2398,87.20215969689582,0.0,63,22,0.9500182691266452,0.12398179115359648,100000.0
Player_318,29,La Liga,Goalkeeper,Right,539,55.84684660410656,0.0,139,47,0.011127833115039442,4.952329047801273,5469020.797473832
Player_319,25,La Liga,FW,Right,3033,75.42429609538641,67.4,110,39,0.5322212989879984,1.9113703062265361,3709702.2547085336
Player_320,20,Serie A,Midfielder,Right,2767,88.9946591787089,0.0,98,67,1.2901471002094904,0.42809780333175035,3363318.453645986
Player_321,33,La Liga,Midfielder,Right,1514,75.73141236232192,16.822222222222223,65,8,1.1381692183043612,1.8647696850668536,2072023.512523396
Player_322,30,La Liga,MD,Right,1112,90.82399197022801,49.422222222222224,103,45,4.701476974609621,2.2630770378761818,9315292.499790613
Player_323,25,La Liga,Defender,Right,2415,92.43427175672191,53.666666666666664,102,49,3.4235637046876404,1.4921271057289642,7627472.662760424
Player_324,22,Premier League,Defender,Left,1187,69.00730349829377,26.377777777777776,93,54,1.068123946805991,2.5324180920638346,5134604.012272822
Player_325,25,Premier League,DF,Right,1112,66.97911476328457,0.0,94,32,1.8360501814711694,1.7419367086296662,5496011.98083642
Player_326,29,Premier League,GK,Right,2807,92.13445192861207,93.56666666666666,31,46,0.3013149618747697,5.904180468236176,6856152.91104833
Player_327,18,Serie A,Forward,Both,2913,80.38130275173506,64.73333333333333,44,73,6.852657692643664,0.11038509658065604,11389371.635546152
Player_328,23,Ligue 1,DF,Left,2281,55.22102066066762,25.344444444444445,25,5,8.2197756643107,0.22464876654613591,13554312.263012184
Player_329,35,La Liga,FW,Left,2310,51.90312871502066,51.333333333333336,59,43,11.706743126252665,0.3815261010065249,15441640.790385522
Player_330,25,La Liga,Goalkeeper,Both,3091,75.40830729487683,103.03333333333333,131,21,6.087450789344613,2.3434699489643553,12474646.132981276
Player_331,24,Serie A,Midfielder,Right,3196,91.85769344472911,35.51111111111111,137,39,,2.0746348291584096,3934644.0272202333
Player_332,18,La Liga,DF,Right,2047,87.99119160826183,0.0,122,50,0.14189275794109824,4.452338404734139,5665177.541645786
Player_333,33,Premier League,Forward,Left,2430,80.41314859089513,0.0,26,46,2.5996225666464787,2.6400954958342537,5039529.345803972
Player_334,29,Ligue 1,Forward,Right,3361,56.26021320009894,37.34444444444444,89,43,7.311952541399423,1.4199987186898844,12887927.53078902
Player_335,23,Bundesliga,DF,Right,1652,61.440412268691304,55.06666666666666,139,53,0.5856782920870521,9.61501157994837,11493529.018078947
Player_336,19,La Liga,MD,Left,1074,89.39800519486772,23.866666666666667,141,66,0.021203499045009174,0.6187866808691227,1650591.9294366366
Player_337,31,Premier League,Midfielder,Right,2410,58.22632564956052,26.77777777777778,94,42,4.911908361741608,3.581819578042532,10449682.120654944
Player_338,21,Bundesliga,MD,Right,1512,62.529773371269556,0.0,103,27,,1.1130075731559461,2472578.761435142
Player_339,18,Ligue 1,Goalkeeper,Right,1169,55.83202930379489,0.0,143,26,1.6018018894793231,2.0924294999572277,5495132.334176213
Player_340,35,Bundesliga,Forward,Right,768,80.4248704136485,8.533333333333333,90,8,3.40788972881848,2.598534751821989,5210369.345049709
Player_341,30,Premier League,Forward,Right,1783,92.47920374134443,19.81111111111111,78,53,0.810695985427827,2.0089005565543734,3224944.5346961133
Player_342,19,Bundesliga,FW,Right,1423,62.103561421792364,79.05555555555556,78,63,0.2630941366305083,0.3028259022442846,1697467.107190047
Player_343,26,Serie A,Goalkeeper,Left,1625,71.39329735325332,72.22222222222223,25,77,4.409304815858004,1.1702041818876496,8784161.405674655
Player_344,19,Bundesliga,Forward,Right,2029,78.5452882870042,45.08888888888889,60,72,2.9841767632105896,1.648509895628599,7124775.040444484
Player_345,26,La Liga,Goalkeeper,Right,2258,94.97598116970337,25.08888888888889,114,75,13.393743449457912,3.7815305601018023,24872145.73428867
Player_346,18,La Liga,Midfielder,Left,2094,54.716362924890745,0.0,75,6,1.2661924899150419,1.1727000903440374,4071988.8252166
Player_347,28,Serie A,Defender,Both,746,72.43568597775692,0.0,18,53,0.19125612760752447,5.02038257336495,6307266.764776236
Player_348,20,Premier League,Forward,Left,2060,67.3304053956125,0.0,116,35,3.976727277299011,1.160973948074537,8126064.864023054
Player_349,21,La Liga,FW,Left,2678,88.96190743500598,29.755555555555556,109,44,2.21276100241299,1.591599883272644,5910741.386892129
Player_350,35,Ligue 1,Midfielder,Right,2900,71.41854789552451,64.44444444444444,95,52,0.7193585674841485,3.1820733464120057,1761111.1976382285
Player_351,23,La Liga,DF,Right,2743,54.99398860633166,91.43333333333334,73,55,4.566053455757201,1.7496627662408242,9598742.949876625
Player_352,20,La Liga,Goalkeeper,Right,2439,78.54908653789627,54.2,31,47,0.6835468851808861,6.448685099575485,8474005.427346814
Player_353,28,Premier League,DF,Right,1429,84.68512782187459,0.0,119,59,0.9059988627226498,2.1595957726232897,4518594.066707265
Player_354,32,Bundesliga,MD,Right,3192,50.129656324952656,35.46666666666667,106,53,0.29127953461520595,1.4792597251143937,916179.0270372024
Player_355,22,La Liga,Midfielder,Right,726,88.65305084392833,24.2,27,61,1.5296396085519581,0.047749428271673625,3342208.841099611
Player_356,27,Serie A,DF,Right,3248,58.37103500025495,0.0,80,19,1.6286481356572327,1.0679595741525862,4510931.777638435
Player_357,29,Bundesliga,GK,Right,764,74.843121409402,0.0,136,31,2.1681098127679848,0.7112036663138461,4463368.385465823
Player_358,32,Ligue 1,GK,Right,1895,68.71088753093525,63.16666666666667,106,72,3.7029276778801643,2.7574911928450447,7311882.709665291
Player_359,34,Premier League,Forward,Right,1957,82.38442174747387,0.0,10,68,7.096604348751626,0.4670890971671708,
Player_360,27,Ligue 1,Goalkeeper,Right,1145,66.70227266535838,0.0,141,34,0.44457475775334987,0.45938008403701586,2126242.2206670404
Player_361,23,Bundesliga,Defender,Right,2758,89.13934295067699,30.644444444444446,13,40,0.16764223891026822,0.42025486749707425,1671718.2258624765
Player_362,35,Bundesliga,Midfielder,Left,1918,82.87233624314555,63.93333333333333,134,71,0.05611526423692403,0.26847039626072966,
Player_363,30,Bundesliga,Forward,Right,1973,79.14709269783147,21.92222222222222,91,53,0.4651280558784642,0.745048345999319,1442740.4298170153
Player_364,20,Ligue 1,FW,Right,1887,85.83082680032845,20.966666666666665,36,59,3.218390551300649,4.341747714460855,10169333.541411828
Player_365,27,Bundesliga,MD,Right,2399,83.93103657177721,53.31111111111111,68,60,3.900097652917389,2.9826740528701343,9832820.532246219
Player_366,31,Ligue 1,Goalkeeper,Left,3004,51.6172403714699,33.37777777777778,41,72,4.632435623782165,2.6579477773645093,9106601.213037755
Player_367,23,Bundesliga,Midfielder,Right,3272,67.76304592301727,36.355555555555554,37,48,0.8379840425331111,3.1924196379442336,5449395.701743901
Player_368,20,Serie A,GK,Right,1749,91.88632837924204,38.86666666666667,115,35,1.095395292164079,0.6278273014526752,3270920.2396987937
Player_369,33,Bundesliga,Midfielder,Right,1481,55.65759210465018,32.91111111111111,114,62,1.9799186240701014,4.368567774377349,5838445.7104825005
Player_370,24,Ligue 1,Defender,Right,1654,83.1693447694423,18.377777777777776,79,57,0.19580227011954487,0.29538437041542837,1589087.7755947458
Player_371,31,La Liga,GK,Left,1087,93.85663151008984,48.31111111111111,71,27,2.833619443326102,0.819987875734535,4570417.040723688
Player_372,26,Bundesliga,Defender,Left,975,52.34893830702372,10.833333333333334,43,32,12.356225368506335,1.7673959809764,21301734.0337359
Player_373,32,La Liga,FW,Right,2321,80.69872462819747,0.0,96,20,1.3426432753478588,0.21718722484546085,1231152.1378672486
Player_374,20,Serie A,MD,Left,1485,71.06693635854637,16.5,123,41,4.193248869550114,2.619631226436342,9909504.530761514
Player_375,19,Premier League,FW,Left,2703,76.0628864918625,0.0,115,25,2.079645041999391,0.979583614628754,5099051.17762784
Player_376,19,Serie A,Forward,Right,1741,53.84036014179462,19.344444444444445,65,21,0.41025031059936,3.0687134372493463,4684088.903148387
Player_377,20,Bundesliga,Forward,Left,689,51.93531283401228,0.0,122,41,,1.3580794627792327,6285868.765181687
Player_378,35,La Liga,FW,Right,1940,80.00899972479148,43.111111111111114,22,23,1.0694860306781024,0.3990360020680242,100000.0
Player_379,31,La Liga,MD,Right,1480,87.0489243419323,32.888888888888886,27,34,0.10502679588182921,2.654254063246226,2311794.25706897
Player_380,35,Ligue 1,FW,Right,2198,85.19069007198352,48.84444444444444,122,49,3.0229962711117793,0.5810895477190186,2615583.954386688
Player_381,27,La Liga,MD,Left,2215,74.47125775398068,24.61111111111111,48,22,5.875547134932451,1.3498692856042247,11163189.988002902
Player_382,19,Ligue 1,MD,Right,3093,54.494006951128014,34.36666666666667,88,66,1.268305812577911,0.15707642982107936,3059535.1486879457
Player_383,18,Premier League,DF,Left,540,80.96199997262062,0.0,39,40,1.4843428285562412,1.9239713181345908,5150485.560968952
Player_384,21,Bundesliga,GK,Left,2854,60.88499975993657,31.711111111111112,107,56,6.6498190285384435,2.192377054003602,13167105.596811267
Player_385,31,Ligue 1,Goalkeeper,Right,1442,90.99809162453226,32.044444444444444,67,23,5.039722979586563,0.951799425985087,8011383.895364933
Player_386,18,Premier League,MD,Left,837,87.72194117955672,18.6,76,48,3.76530174304507,6.176694511464578,12824647.126032183
Player_387,31,La Liga,Defender,Right,1837,81.92223351893259,40.82222222222222,80,11,0.8582383270617214,4.145629836369022,4932987.326961604
Player_388,33,La Liga,MD,Right,1598,92.69806801240087,35.51111111111111,115,48,7.231067364629242,2.4615983076526575,11808199.35459652
Player_389,31,Premier League,MD,Right,2826,51.413981968007285,31.4,16,72,0.5031824380301027,2.5010953695547156,2755869.026599869
Player_390,20,La Liga,MD,Right,1395,83.1290191277343,31.0,49,38,2.9566854572097707,0.5817789946669434,6016807.1804816
Player_391,20,Premier League,DF,Left,2820,64.86092507013824,125.33333333333333,79,70,0.08767222269638994,2.138972583962965,
Player_392,26,Ligue 1,GK,Left,3384,90.77296485588644,37.6,77,73,,0.44180778553448496,6085977.871202518
Player_393,23,Ligue 1,DF,Right,3167,62.00038384978899,0.0,58,59,0.9736372007012186,0.31097733821792356,2771433.1392697515
Player_394,30,Premier League,Forward,Right,2174,82.61854246917576,72.46666666666667,61,14,1.7917495768370835,15.077336442127324,17764960.80738295
Player_395,19,Ligue 1,DF,Right,3409,89.49411588428516,75.75555555555556,123,46,1.2705720636157898,1.9477122118803496,4853570.307304034
Player_396,25,Ligue 1,Defender,Right,1430,51.87455682722071,31.77777777777778,116,45,0.5689694979874825,1.1277070633018629,2981161.3102830867
Player_397,19,Ligue 1,Defender,Both,788,67.89414108164162,8.755555555555556,38,73,2.9184307943890757,0.6798169314750193,
Player_398,21,Serie A,DF,Right,1223,84.30390644098725,13.588888888888889,87,14,6.410590548437236,1.852280376124935,12468166.19878079
Player_399,32,Bundesliga,GK,Right,2819,70.47135002784142,0.0,18,14,9.588720047590769,0.10173099964115229,13484811.071027305
Player_400,21,La Liga,FW,Right,2453,62.02636834071179,54.51111111111111,85,64,,0.1989358014295705,2160234.7097862503
Player_401,30,Serie A,Goalkeeper,Right,1589,59.89124069704355,35.31111111111111,51,55,3.7908794174305305,0.06681720378470882,5753136.329930505
Player_402,29,Ligue 1,GK,Left,982,55.91832201123701,21.822222222222223,137,25,3.274963947276816,1.3829764478302105,6795422.368745435
Player_403,30,Premier League,DF,Right,1435,88.5708301935327,31.88888888888889,29,12,1.2619393442091198,1.8356169120058436,3728525.928319523
Player_404,31,Ligue 1,MD,Left,2795,75.89099314632003,31.055555555555557,81,69,0.05785183552743306,0.12903386697119024,100000.0
Player_405,35,Bundesliga,Midfielder,Right,655,53.43732252461552,0.0,74,34,3.5115294371015704,2.5546967279721224,5321990.883624477
Player_406,23,Ligue 1,Goalkeeper,Both,1570,67.21611456067859,17.444444444444443,122,53,8.72838084029554,0.5237559513879575,14616327.211831266
Player_407,28,Premier League,Goalkeeper,Right,2458,66.54801428622994,27.31111111111111,33,13,,2.31164476104819,7811639.416615501
Player_408,19,Bundesliga,Defender,Right,3001,58.17826358192583,66.68888888888888,137,21,1.7143433340032161,8.023370688180059,11594885.689184882
Player_409,22,Ligue 1,Goalkeeper,Left,2748,69.59784314624858,30.533333333333335,92,73,2.2342935451387396,2.3495133646521165,6700953.682360226
Player_410,19,Bundesliga,DF,Right,2183,64.94447144269114,0.0,72,62,0.6680390054981354,4.294465463926034,6296523.972173237
Player_411,27,La Liga,MD,Left,623,65.38116674714821,6.9222222222222225,69,61,4.165420165474583,5.920672605556577,13168802.853768451
Player_412,19,La Liga,MD,Right,2548,83.25619510045814,28.31111111111111,108,66,4.116225760564578,1.3339885313230755,
Player_413,28,Ligue 1,Forward,Right,1467,60.04685234773383,65.2,71,56,0.4717770685277867,2.423505845016227,4131171.4478079067
Player_414,35,Bundesliga,MD,Right,1354,78.88369814849099,15.044444444444444,39,65,6.310671171959683,3.8206705610999445,10786677.31903947
Player_415,32,Premier League,GK,Right,1139,75.67923307464207,12.655555555555555,31,44,0.9408042433418109,0.8820050340930629,1293211.3991057794
Player_416,26,Ligue 1,MD,Right,2738,75.56416305520403,0.0,135,42,12.095133847768825,0.6059902868540463,19748691.058507286
Player_417,26,La Liga,Defender,Right,2102,79.83533057637992,0.0,51,47,1.4481872335886166,5.85983561275149,9032116.463134415
Player_418,20,La Liga,MD,Right,3063,74.67719162880442,102.1,107,67,0.5876215383120292,2.591470904177192,
Player_419,26,Ligue 1,Forward,Right,941,89.56648016808731,10.455555555555556,40,23,1.3002982468431838,0.49610784199942826,3446555.2122642044
Player_420,31,Bundesliga,Midfielder,Right,2444,80.40110413776169,0.0,121,54,,1.1923436583060028,3302976.190194005
Player_421,24,La Liga,DF,Left,2338,74.61334631171246,25.977777777777778,131,37,0.2154799189341798,3.1837045949049236,4506924.473306194
Player_422,33,Bundesliga,Defender,Both,2329,87.33934041294401,0.0,26,17,2.58980276982384,1.584004431935866,3968708.586671626
Player_423,33,La Liga,GK,Both,2690,77.27659542200658,29.88888888888889,47,66,2.7311678382679276,2.09937054296061,4696122.300362501
Player_424,18,La Liga,Midfielder,Right,1032,63.101491150333054,0.0,119,47,4.028905357657328,2.8029638371923054,9846321.873678297
Player_425,21,Serie A,Defender,Right,2774,59.319271317945706,0.0,31,53,0.08881137693914426,1.945770785352971,3078987.8507616874
Player_426,21,La Liga,FW,Left,1836,56.854750354820546,0.0,65,40,2.337672568007701,1.5534024866591971,6059911.338670748
Player_427,24,Premier League,Goalkeeper,Right,1448,90.47548456457457,0.0,128,14,0.163075329704265,2.7695053753208896,4014118.369877287
Player_428,25,Ligue 1,FW,Right,2519,81.95609443091297,27.988888888888887,66,10,3.623382488942698,2.6006960286500655,9035769.762064112
Player_429,34,Ligue 1,MD,Right,959,92.18202971739444,10.655555555555555,44,61,,1.9878149368522575,245849.4530684799
Player_430,22,Bundesliga,Midfielder,Right,1050,77.14813125717244,46.666666666666664,123,5,7.281991813120289,0.8919162303199935,
Player_431,24,La Liga,MD,Left,892,71.30303966727107,19.822222222222223,134,75,3.6328167028498273,1.0411193330964676,7490344.3873712085
Player_432,21,Premier League,Goalkeeper,Right,2287,52.68724200369002,0.0,138,62,2.1241110485319386,7.042568187165184,11228734.759963091
Player_433,23,Bundesliga,Defender,Right,1344,80.22390266957134,29.866666666666667,61,25,1.7475230555186712,0.23843647779197794,3859721.061069985
Player_434,24,Serie A,Goalkeeper,Right,2757,76.1993941895704,61.266666666666666,94,60,0.42010651429556767,0.6253295613894052,2255489.332832757
Player_435,35,Bundesliga,Forward,Both,1638,94.55940021144296,0.0,74,24,1.0316966744089533,1.3561300177549838,403675.0293684136
Player_436,22,Bundesliga,Goalkeeper,Right,1145,60.76214500020094,0.0,138,58,6.0967374872537565,3.624696169063733,13769802.399944369
Player_437,20,La Liga,Forward,Right,2766,73.88318098790762,61.46666666666667,30,29,7.044405101303888,0.3574775581789417,
Player_438,24,Serie A,Goalkeeper,Right,2954,79.29308008031327,32.82222222222222,25,32,0.0022439641315584722,0.6485665798952488,1651932.5260925866
Player_439,31,Bundesliga,DF,Left,1966,79.00660286340546,43.68888888888889,132,9,2.705214346261897,0.13612564636462995,3693947.1657574764
Player_440,24,Premier League,Forward,Right,1877,75.25820943267811,20.855555555555554,70,25,3.811412895846545,2.4482507948515746,9165370.138621392
Player_441,22,Premier League,Midfielder,Right,3105,84.96176046472515,0.0,63,22,2.892876108679629,0.5441672215582528,5883481.384577697
Player_442,22,Ligue 1,MD,Right,3097,59.22415442870674,103.23333333333333,35,51,0.25562732753193984,0.9842522769666937,2367693.2682646033
Player_443,19,Serie A,GK,Right,641,82.65322401234872,7.122222222222222,89,74,0.7366464254513948,1.1729003261442197,3277869.9643213116
Player_444,23,Serie A,MD,Right,3159,77.88805571448901,0.0,74,61,0.8644075957260126,4.438583391049808,6735194.784638827
Player_445,32,Ligue 1,FW,Right,1000,90.3233800307558,22.22222222222222,109,23,5.346460626185101,1.059780034373935,8079470.973651586
Player_446,27,Bundesliga,MD,Both,1339,88.12374975651117,0.0,83,69,1.8663859296901824,0.3138340517420978,4113412.946277371
Player_447,24,Serie A,Defender,Right,3249,64.1816167609649,36.1,26,7,2.001433861072165,1.485998557792361,5488149.349400609
Player_448,22,Premier League,DF,Right,2182,62.430679623881886,48.48888888888889,130,46,8.195171771138646,6.591405461027793,19884163.117735762
Player_449,18,Premier League,Goalkeeper,Left,2065,94.17439957336015,0.0,32,25,3.0407672433860036,1.8713836489514988,7432534.514030504
Player_450,30,La Liga,FW,Right,2546,73.72693314118655,56.577777777777776,144,44,6.86805023696081,8.195166056061556,18497241.41150277
Player_451,35,Serie A,Defender,Right,2030,90.78894337614966,67.66666666666667,80,71,,3.6790524071907047,3922890.8029770628
Player_452,30,Bundesliga,Defender,Right,1095,57.3746460701217,24.333333333333332,117,29,0.48556777218559655,0.07325692480461975,801608.5830830147
Player_453,35,Ligue 1,Forward,Right,2404,78.92685116600785,53.422222222222224,88,59,7.975021125885872,2.148227265149973,11610758.953978783
Player_454,22,Ligue 1,MD,Both,780,86.44370843122638,8.666666666666666,55,56,1.8413732277916979,0.6758939041214583,4437953.745809006
Player_455,30,Bundesliga,Midfielder,Right,923,92.6327862313901,0.0,87,48,0.6013273780856547,1.6402202967108859,2542211.363839368
Player_456,21,La Liga,GK,Left,3403,65.18030634576606,0.0,25,60,1.0803099005709067,0.6551900464751133,3275654.8973314734
Player_457,34,Ligue 1,Midfielder,Right,769,82.62415264658236,17.08888888888889,80,59,0.15641544813034342,0.8580932074965985,100000.0
Player_458,20,Serie A,FW,Right,653,74.24658540678286,14.511111111111111,105,74,1.8950309125796145,5.132286645517683,8974833.014387105
Player_459,34,La Liga,DF,Right,3161,52.728301672991066,140.48888888888888,11,77,5.754584970904499,0.46296440509352543,7094841.861450274
Player_460,28,Serie A,Midfielder,Right,2250,81.04998817890245,0.0,19,70,8.135291785679415,4.1446795266344845,
Player_461,21,Premier League,Goalkeeper,Right,1161,81.05434512070295,12.9,134,23,8.091429041639472,0.06186257195843016,13199006.134417638
Player_462,19,La Liga,Midfielder,Left,2467,91.87730621809416,27.41111111111111,90,11,0.40138294085421444,0.19054874530404362,1792623.1565853653
Player_463,33,Ligue 1,FW,Right,582,72.37906007760375,0.0,149,67,1.4440620415644165,3.8575659003303975,4523658.962677022
Player_464,35,La Liga,GK,Both,1949,60.36129143197316,64.96666666666667,79,46,0.08590455496681612,1.9915123798014716,100000.0
Player_465,25,La Liga,Midfielder,Right,1798,52.00537205519056,0.0,41,46,5.796487492073826,2.7505991560674676,12445330.394178208
Player_466,20,La Liga,Goalkeeper,Left,2831,68.70389840086575,31.455555555555556,114,63,1.3330346044372585,0.46997095904542513,3469522.865701313
Player_467,26,La Liga,Forward,Left,1479,63.58625150348758,0.0,93,24,2.9918275020100724,1.540416981594951,7028158.234610059
Player_468,23,Serie A,DF,Left,2720,84.2489737710744,60.44444444444444,138,77,3.764729413710705,2.6728702882017505,9319964.408767808
Player_469,27,Premier League,FW,Left,3310,65.9420494178471,73.55555555555556,67,21,1.6855393381647024,1.974038809111837,5502347.81635889
Player_470,27,Bundesliga,Forward,Left,2159,92.70820383416797,23.988888888888887,143,31,1.09776268270305,1.2761772814149457,3922821.3054695204
Player_471,30,La Liga,Forward,Right,1898,93.30395913445028,0.0,54,51,9.82736331645795,6.42697008444978,21168015.059136704
Player_472,34,Ligue 1,Forward,Right,1132,77.94088655979687,12.577777777777778,106,6,10.013672844085988,2.254994956417573,15275504.222546555
Player_473,26,La Liga,Defender,Right,2031,91.78971291566972,22.566666666666666,32,67,1.02509032809683,4.766523341601784,7304158.833747028
Player_474,34,Ligue 1,DF,Left,1286,84.2384455031523,28.57777777777778,32,66,1.959617278139933,2.616967447716533,3556393.364926433
Player_475,26,Serie A,GK,Right,897,74.60868384388067,0.0,144,23,10.818489315300091,2.6595522981799533,19887286.271130092
Player_476,26,Ligue 1,MD,Left,1643,58.113857094025015,54.766666666666666,88,21,0.014640890867168162,0.16680293513698496,1188764.2714377372
Player_477,18,Bundesliga,DF,Right,1433,70.6369074581228,47.766666666666666,53,73,1.5965474414873788,0.8909018479400861,4285723.0101711545
Player_478,19,Premier League,Defender,Right,1960,75.2393508513178,43.55555555555556,36,43,0.3176071003965075,3.9090661336383468,5385476.784233108
Player_479,33,Ligue 1,MD,Right,2352,88.87827113307546,52.266666666666666,35,75,2.1348987752241255,0.5295042679066562,2231852.430742845
Player_480,18,Ligue 1,DF,Right,3223,71.66000194410492,0.0,106,43,0.07493807130494703,0.2454787951533312,1357885.9021107517
Player_481,27,Premier League,Forward,Right,3012,90.39536027050805,33.46666666666667,45,40,1.5671688461316509,0.7893650690295425,4140118.3382270187
Player_482,35,Bundesliga,FW,Right,785,80.34570405605609,8.722222222222221,118,44,0.7480740326856276,0.49804581565066314,100000.0
Player_483,25,La Liga,MD,Right,764,56.164957837415216,16.977777777777778,64,49,2.2862596333844074,5.188234328864086,9617623.778940696
Player_484,28,Ligue 1,Goalkeeper,Right,2867,94.77416161962918,191.13333333333333,78,8,16.55962335641897,4.049401352434049,29888836.387062505
Player_485,19,Premier League,Goalkeeper,Right,3220,73.72546973392608,107.33333333333334,70,29,4.8363661113289895,1.3850276834542792,9639576.850447763
Player_486,25,Serie A,Midfielder,Right,3367,67.63362333840855,37.41111111111111,139,73,5.605443878115779,0.12661216070852646,9534777.977882195
Player_487,25,Premier League,MD,Left,2636,79.6601194011287,58.577777777777776,64,34,3.025752545473848,2.5074632976815305,8046092.115892302
Player_488,34,Serie A,FW,Right,2177,54.900199129146756,24.18888888888889,131,72,0.12734447387361655,1.9532056277963845,144222.33860680927
Player_489,32,Bundesliga,GK,Right,1726,78.64423910390094,57.53333333333333,106,33,0.6950308574767673,7.050439960106639,7092986.24632179
Player_490,34,La Liga,Defender,Right,1320,72.42062002246729,0.0,89,77,7.7733848662004466,1.6372087560465245,11297286.055347195
Player_491,30,Premier League,Forward,Right,2262,68.30033314993624,75.4,96,72,,0.8201325246125648,2871613.9442054667
Player_492,22,Ligue 1,Midfielder,Right,2881,92.88590095305045,64.02222222222223,47,55,0.3282285269397835,1.4638662217767495,2956209.012186425
Player_493,29,Bundesliga,Goalkeeper,Right,2769,73.5142872529424,30.766666666666666,128,28,3.636069019950418,7.751699574320452,13705803.10424608
Player_494,18,Premier League,Defender,Right,540,59.86028657614723,6.0,87,18,1.067701691263665,2.38384100221209,4985393.539107587
Player_495,22,Ligue 1,Defender,Right,2231,70.65335657197843,24.788888888888888,44,73,,2.2293378460435145,4638495.281670883
Player_496,25,Premier League,Forward,Right,567,91.37243320577028,0.0,88,22,18.610196806820873,0.5506681533596212,29465963.363590933
Player_497,30,Serie A,GK,Left,1487,57.92429620987676,0.0,76,46,5.858721136593303,2.7220527457259833,11510134.450615939
Player_498,25,Premier League,GK,Left,2299,59.62806674097066,153.26666666666665,96,61,1.5724308392198205,2.7747645411318373,6133410.799961568
Player_499,28,Premier League,MD,Right,3061,50.58633054906877,68.02222222222223,43,16,11.775508299284727,0.76336723685796,19426629.685785048
Player_500,18,Premier League,Goalkeeper,Right,2121,50.63855222280952,23.566666666666666,106,21,3.1504370169542892,1.322188157675581,7047843.683107015
Player_501,30,Bundesliga,GK,Right,2155,87.32262321313306,0.0,80,34,4.064648161910972,0.6979899721713433,6794962.2150378
Player_502,20,Premier League,FW,Right,1778,82.94551730793302,0.0,12,79,,0.5987134342332243,1742804.6201092391
Player_503,34,Ligue 1,GK,Both,1194,65.97684754033813,39.800000000000004,67,27,0.38897758698868,0.05247455395220944,100000.0
Player_504,22,Serie A,Defender,Right,3024,81.42400207524078,0.0,41,5,3.0078762304154703,0.6715378530328426,6183352.198656048
Player_505,25,Serie A,Forward,Right,1585,67.78426668394866,35.22222222222222,40,36,6.878616726936448,1.6147379045545147,12932662.994959187
Player_506,31,Premier League,FW,Right,2979,92.88035581990223,33.1,91,13,2.932454364623494,0.003204941639667004,3901886.488574908
Player_507,21,Bundesliga,MD,Right,2193,93.51737066417157,73.1,52,19,0.43169735147899746,0.6659700825884576,2313516.109806954
Player_508,28,Bundesliga,Goalkeeper,Right,2815,67.67571991142046,62.55555555555556,144,32,0.3690804368402582,4.2641718305933045,5817792.4858536925
Player_509,32,Ligue 1,MD,Right,1558,88.43998578533906,0.0,114,28,5.577274866593797,1.8010738796668635,9166986.179557558
Player_510,24,Premier League,Defender,Right,1278,84.78900687638597,14.2,10,64,0.45003595363955906,1.8722871236739356,
Player_511,28,Serie A,FW,Right,993,63.94999717273052,33.1,70,39,2.2033576288010215,1.0328971560562048,5337933.599257737
Player_512,22,Bundesliga,FW,Right,2085,60.44179230054977,69.5,23,31,0.11345864401379811,2.256940117975413,3427128.0839961106
Player_513,22,Premier League,FW,Right,1992,70.62055926767752,44.266666666666666,15,24,0.25232964629841653,0.42127606021294134,1799770.5296605662
Player_514,25,Bundesliga,Defender,Right,2290,85.16069782764828,25.444444444444443,112,69,3.3474120788763835,3.4157207750437433,9436838.893358318
Player_515,27,Bundesliga,Defender,Right,1160,93.20755031279354,12.88888888888889,19,53,3.5056375508041038,0.24815613557680036,6506612.4617829565
Player_516,23,Serie A,MD,Right,1848,84.36105809899576,20.533333333333335,80,5,1.2532328989959156,2.1342351191231552,5014084.467617028
Player_517,32,La Liga,Midfielder,Right,1827,88.48431432582666,81.2,99,14,0.7285459021586898,0.8345167294462064,927335.5826842408
Player_518,33,Ligue 1,MD,Right,1799,77.13789377767324,0.0,135,51,5.0413563992998345,2.7527908004592176,8814825.39940897
Player_519,34,Ligue 1,Goalkeeper,Right,2486,87.59335238789566,0.0,106,63,0.7342632902586484,1.595969227280951,697364.1626689238
Player_520,25,Serie A,Forward,Left,2544,85.2989386101538,56.53333333333333,83,66,,1.204248860881059,5718502.2639848525
Player_521,25,Bundesliga,FW,Right,2428,66.9643493866826,26.977777777777778,124,22,10.345701127217978,0.37126783825181436,16889819.52907878
Player_522,26,Premier League,Midfielder,Right,1847,74.83956359543245,41.044444444444444,60,50,0.47998671645642355,2.025721463401092,3745701.538085727
Player_523,19,Bundesliga,Forward,Right,1558,86.21389048953627,34.62222222222222,65,36,8.484368609827417,7.359430620521911,21085983.535263035
Player_524,32,Serie A,Midfielder,Right,1476,52.07255303854804,16.4,50,31,0.605955872076958,3.492846811856775,3401780.6199722122
Player_525,35,Ligue 1,GK,Right,981,86.36356770601235,43.6,41,22,2.5141249509053383,0.12376823855258631,1394955.664910593
Player_526,20,Bundesliga,GK,Right,1227,58.004965582206054,81.8,24,43,1.4196634170518392,0.9439451434386431,4073440.269016402
Player_527,34,Ligue 1,DF,Left,3027,73.16076277046476,134.53333333333333,71,53,10.051108014867342,5.1961419842346075,
Player_528,21,Premier League,GK,Right,1531,86.3723947800172,17.011111111111113,37,48,0.9587239469699103,1.398506560026693,3836592.4804815585
Player_529,21,Ligue 1,MD,Right,842,61.42194851705127,18.711111111111112,73,76,1.5307673688856853,2.170080567653845,5466231.620982373
Player_530,31,Ligue 1,GK,Right,1947,61.06133476877689,43.266666666666666,139,58,12.199041725645039,4.874505017671967,22673067.606139526
Player_531,26,La Liga,Defender,Left,2879,68.12439793080134,0.0,136,38,2.306655045256527,4.139690514034863,8599673.081919655
Player_532,26,La Liga,FW,Right,2985,90.25892589099355,0.0,45,75,2.0952638865838646,1.3935891506107432,5536484.98048654
Player_533,35,La Liga,MD,Left,2721,50.019925164674355,0.0,123,40,0.8943226408475677,1.1512485446945733,100000.0
Player_534,27,Ligue 1,Forward,Right,3106,90.56223934888708,34.51111111111111,22,22,3.62558509858079,0.8300996456072813,7268477.293478467
Player_535,21,Serie A,DF,Left,1026,56.92131610887235,0.0,24,42,0.04343172951647352,2.5389396095856447,3604087.203860355
Player_536,29,Ligue 1,DF,Right,2396,94.55388692303669,106.4888888888889,98,63,0.1523412137160435,0.6765106893481352,1405022.5099222003
Player_537,25,Serie A,DF,Left,1158,92.96811468673107,25.733333333333334,31,13,,0.5750644511745,5691162.629168253
Player_538,19,Serie A,Forward,Right,2573,72.26038353160774,28.58888888888889,83,77,1.2541677037518904,0.8808893265638424,3762140.882191678
Player_539,30,La Liga,Forward,Left,1319,73.07241115156828,29.31111111111111,34,76,9.193085274712097,0.3901208418635509,14179748.753931696
Player_540,33,Bundesliga,Forward,Right,3152,71.66972031241345,0.0,110,55,7.005036357313527,2.37567283744539,11383227.37341568
Player_541,19,Premier League,Forward,Right,905,78.59496405467851,0.0,126,39,3.752210783014056,1.9154792276248207,8543795.402145905
Player_542,28,La Liga,DF,Right,2779,54.082476600571894,30.877777777777776,50,9,5.113646424899088,1.3189549767711302,9989424.61411976
Player_543,27,La Liga,DF,Right,3080,51.467807675370494,0.0,97,18,,0.989661057682306,
Player_544,32,Bundesliga,Midfielder,Right,2073,52.59663177871545,46.06666666666667,119,34,0.4025906227454715,4.795166586666143,4399052.520784351
Player_545,34,Premier League,MD,Right,2311,69.99644071586815,25.677777777777777,129,8,4.351453960710123,0.05911260156690299,4586293.542632088
Player_546,25,Ligue 1,FW,Right,1004,62.39965726487675,22.31111111111111,106,43,0.7078960842847383,2.9316081987569818,4993452.325184089
Player_547,35,Ligue 1,GK,Right,678,77.99178030669472,0.0,66,68,1.1722150906265907,4.643730977031289,3902053.6129711755
Player_548,26,La Liga,GK,Left,631,94.65990302186506,7.011111111111111,139,29,5.131659225479409,1.1824616644336123,9879950.502652725
Player_549,150,Premier League,Defender,Right,2346,67.38454278844097,0.0,105,32,2.3070124366271063,1.6000866002890533,
Player_550,31,La Liga,DF,Both,1978,75.8228564347031,21.977777777777778,130,70,5.897068427677478,5.7814363995538125,9999999999.0
Player_551,35,Serie A,Defender,Right,2895,68.70217531583009,64.33333333333333,71,26,0.7187157319833339,0.4772188558226466,100000.0
Player_552,29,La Liga,MD,Right,3087,88.12722504748368,0.0,146,35,2.80778517367757,1.4685002948679915,6180178.055384346
Player_553,31,La Liga,MD,Left,1271,90.60063815580071,0.0,77,27,0.2625322332981641,1.2876519419952592,1181450.2919425052
Player_554,34,Ligue 1,Defender,Right,1929,89.4810025492367,64.3,90,52,3.090571086153746,0.5978707018094566,3233727.331040076
Player_555,20,Ligue 1,DF,Right,2623,93.84675074056659,58.28888888888889,26,24,4.313192948183749,3.4140268464326526,10883816.268708277
Player_556,24,Ligue 1,Defender,Right,1078,51.23836333131869,23.955555555555556,126,42,2.637930756243729,4.5971979913573335,9554094.125722926
Player_557,34,Serie A,GK,Right,3401,87.79172729654888,113.36666666666667,59,59,0.9286850917593086,3.0459019939593444,2438929.631598307
Player_558,29,Ligue 1,Midfielder,Right,2015,83.8297477867592,22.38888888888889,121,72,0.09553308320103053,0.4347180302209601,1078017.655022506
Player_559,26,Premier League,GK,Both,693,60.29124842301641,7.7,103,5,0.3816218979347622,0.1814882383898953,1753921.0852920385
Player_560,32,Bundesliga,Goalkeeper,Both,2507,93.03440420243874,55.71111111111111,94,11,2.9209888101086907,1.8599908538742207,5241474.069037257
Player_561,35,Premier League,DF,Right,1685,56.668006770347546,56.166666666666664,83,61,8.173463442315946,0.11757897948710748,9877774.142961027
Player_562,30,Premier League,DF,Right,2894,80.57974672102588,32.15555555555556,118,16,0.6940352915946896,2.2345255977877083,3275578.5351797426
Player_563,25,Ligue 1,FW,Right,1884,60.12005975671606,20.933333333333334,27,9,3.9843724011989874,1.511851176608835,8488409.778407317
Player_564,31,Bundesliga,Forward,Right,2292,69.41212919483335,50.93333333333333,51,54,6.039861902665039,2.1740734855753368,10733866.339572895
Player_565,25,Bundesliga,Goalkeeper,Right,1610,82.3621953625056,17.88888888888889,110,46,2.207426213412968,1.7840294542994544,6095168.774418906
Player_566,31,Bundesliga,MD,Right,2761,75.3496088914871,30.677777777777777,54,16,3.319320704340862,1.0987953357286144,5577776.392239908
Player_567,24,Serie A,DF,Right,2436,69.23758240976503,27.066666666666666,91,22,5.062446750526118,0.4484812561163541,9042151.381905532
Player_568,29,Ligue 1,Defender,Left,3120,64.68522939193943,0.0,26,70,0.9060536537302526,0.7297084228691909,2588788.90346457
Player_569,28,Bundesliga,Goalkeeper,Right,1279,87.78468450689556,0.0,82,78,1.0567499922752388,1.486779209216615,4071904.197629473
Player_570,28,Serie A,FW,Right,761,56.47164576416662,0.0,23,21,,2.1103476595662705,3113172.3707636683
Player_571,30,La Liga,MD,Right,1229,69.354629443841,0.0,141,72,9.898154058970045,3.023561132258705,17870792.220713772
Player_572,35,La Liga,Forward,Right,782,90.66909072988139,34.75555555555555,91,75,7.486503932054681,2.9148995823529824,11644655.480435004
Player_573,19,Serie A,Forward,Right,1990,88.06322977069854,22.11111111111111,129,66,4.339002824666929,7.200912654038119,14709416.891038513
Player_574,32,Serie A,FW,Both,861,68.0423793112871,9.566666666666666,129,45,0.24713336373187184,0.6733005611977491,100000.0
Player_575,35,Ligue 1,FW,Right,940,84.33987636205887,0.0,56,38,1.7799212274877827,0.14753143299637556,317413.27422804944
Player_576,32,Ligue 1,Defender,Left,2640,87.04223738189867,0.0,116,74,0.3223940301302918,0.8482470033371332,331838.0485325707
Player_577,29,La Liga,DF,Right,2144,89.99993408016334,47.644444444444446,117,49,0.04814506802429798,2.719651338061497,3291868.940097944
Player_578,30,Bundesliga,Forward,Right,3300,74.50275960721527,0.0,18,62,2.8727679355530755,1.152904232288885,5462056.135618499
Player_579,28,La Liga,MD,Right,1366,59.20073987246203,15.177777777777777,88,55,,3.4051735955213775,
Player_580,22,Bundesliga,Goalkeeper,Right,1947,61.48890844267692,0.0,24,38,,1.5940236986030387,13086604.587871335
Player_581,18,Bundesliga,MD,Left,641,63.30626033187219,7.122222222222222,28,48,3.579640827178434,5.312578127309921,11682039.368077572
Player_582,20,Ligue 1,Midfielder,Left,1814,76.7211116364327,20.155555555555555,99,19,0.3049043417253346,5.90777777442824,7365134.287016242
Player_583,24,Premier League,Midfielder,Right,1955,51.47643308578738,65.16666666666666,35,74,0.9612937106828454,0.14364625867894984,2585586.824703218
Player_584,29,Premier League,FW,Right,3296,78.62191109509857,73.24444444444444,101,54,1.1572377185457534,1.2191326410871388,3454989.2189057693
Player_585,32,Serie A,Defender,Right,2375,66.39594072927044,26.38888888888889,91,36,4.3209854802566126,1.881623157338267,7363101.377723185
Player_586,22,Ligue 1,Midfielder,Left,2347,63.2858811120339,0.0,140,71,4.862242565475698,0.5910858854187148,8884449.733632263
Player_587,32,Bundesliga,Forward,Right,2212,89.5773456827657,24.57777777777778,51,7,,1.0453807291086543,2233755.856085358
Player_588,25,Premier League,MD,Right,3200,70.70010780113594,71.11111111111111,28,78,1.623256597756661,2.2644304388773073,5699315.335512299
Player_589,27,Bundesliga,MD,Right,1200,54.27738704897118,40.0,26,55,,0.5142649383495518,1719149.8285684248
Player_590,33,Premier League,FW,Right,1497,87.20360456118112,16.633333333333333,85,71,1.0238254739723875,1.8425128459444557,1878251.0569030372
Player_591,25,Premier League,DF,Right,2596,52.1438565846428,0.0,72,52,1.8005292625310174,2.391003095007922,6091796.988804448
Player_592,18,Premier League,DF,Right,1825,82.70371508756885,60.833333333333336,140,21,0.3732326356373975,0.18971245012565036,1749561.4035817466
Player_593,29,Ligue 1,Goalkeeper,Left,1380,84.82577997967994,15.333333333333334,116,11,1.811386666417544,1.3764359622078213,4593515.961834137
Player_594,22,La Liga,FW,Right,1713,65.86711726679862,95.16666666666667,58,17,,0.6105519629198775,10243889.30674095
Player_595,20,Bundesliga,GK,Right,1659,87.1154535325004,18.433333333333334,64,70,2.6119524287096008,2.577510469059484,7495439.112123885
Player_596,18,Ligue 1,Goalkeeper,Both,1054,73.2046732635404,11.71111111111111,108,8,,0.42034485386778553,1790330.7313638856
Player_597,21,Ligue 1,GK,Right,903,70.84821439727585,50.166666666666664,61,14,0.638359558647517,4.455658807016675,6413198.144987951
Player_598,25,Ligue 1,DF,Left,1391,52.043147666091166,0.0,109,21,1.9304684650257578,1.1275435018107334,5023246.19934937
Player_599,20,Ligue 1,FW,Right,3412,63.05131371420077,75.82222222222222,126,56,1.34584043441799,0.44130089912221376,3460061.5507491985
Player_600,27,Ligue 1,GK,Right,1101,91.89544868983849,12.233333333333333,127,10,1.3329001385224148,1.1525844267641165,4151934.634547739
